file,line,type,commit,author,date,time,timezone,datetime,depth,length
styles.css,1,css,335b70ac,cecilia,2025-10-08,14:11:07,-07:00,2025-10-08T14:11:07-07:00,0,4
styles.css,2,css,00000000,Not Committed Yet,2025-11-05,19:32:53,-08:00,2025-11-05T19:32:53-08:00,1,44
styles.css,3,css,e96e5a9c,cecilia,2025-10-15,19:06:22,-07:00,2025-10-15T19:06:22-07:00,1,32
styles.css,4,css,09489263,cecilia,2025-10-31,16:37:41,-07:00,2025-10-31T16:37:41-07:00,1,39
styles.css,5,css,09489263,cecilia,2025-10-31,16:37:41,-07:00,2025-10-31T16:37:41-07:00,1,39
styles.css,6,css,335b70ac,cecilia,2025-10-08,14:11:07,-07:00,2025-10-08T14:11:07-07:00,0,0
styles.css,7,css,f3ffa64c,cecilia,2025-09-29,15:57:59,-07:00,2025-09-29T15:57:59-07:00,0,4
styles.css,8,css,f3ffa64c,cecilia,2025-09-29,15:57:59,-07:00,2025-09-29T15:57:59-07:00,1,43
styles.css,9,css,f3ffa64c,cecilia,2025-09-29,15:57:59,-07:00,2025-09-29T15:57:59-07:00,0,42
styles.css,10,css,f3ffa64c,cecilia,2025-09-29,15:57:59,-07:00,2025-09-29T15:57:59-07:00,0,0
styles.css,11,css,f3ffa64c,cecilia,2025-09-29,15:57:59,-07:00,2025-09-29T15:57:59-07:00,1,23
styles.css,12,css,335b70ac,cecilia,2025-10-08,14:11:07,-07:00,2025-10-08T14:11:07-07:00,1,15
styles.css,13,css,335b70ac,cecilia,2025-10-08,14:11:07,-07:00,2025-10-08T14:11:07-07:00,1,18
styles.css,14,css,335b70ac,cecilia,2025-10-08,14:11:07,-07:00,2025-10-08T14:11:07-07:00,0,0
styles.css,15,css,2b156f73,cecilia,2025-10-10,17:32:15,-07:00,2025-10-10T17:32:15-07:00,1,6
styles.css,16,css,2b156f73,cecilia,2025-10-10,17:32:15,-07:00,2025-10-10T17:32:15-07:00,2,19
styles.css,17,css,2b156f73,cecilia,2025-10-10,17:32:15,-07:00,2025-10-10T17:32:15-07:00,1,0
styles.css,18,css,2b156f73,cecilia,2025-10-10,17:32:15,-07:00,2025-10-10T17:32:15-07:00,1,2
styles.css,19,css,00000000,Not Committed Yet,2025-11-05,19:32:53,-08:00,2025-11-05T19:32:53-08:00,2,25
styles.css,20,css,2b156f73,cecilia,2025-10-10,17:32:15,-07:00,2025-10-10T17:32:15-07:00,2,16
styles.css,21,css,2b156f73,cecilia,2025-10-10,17:32:15,-07:00,2025-10-10T17:32:15-07:00,1,0
styles.css,22,css,2b156f73,cecilia,2025-10-10,17:32:15,-07:00,2025-10-10T17:32:15-07:00,0,0
styles.css,23,css,e96e5a9c,cecilia,2025-10-15,19:06:22,-07:00,2025-10-15T19:06:22-07:00,1,5
styles.css,24,css,00000000,Not Committed Yet,2025-11-05,19:32:53,-08:00,2025-11-05T19:32:53-08:00,2,17
styles.css,25,css,00000000,Not Committed Yet,2025-11-05,19:32:53,-08:00,2025-11-05T19:32:53-08:00,2,8
styles.css,26,css,00000000,Not Committed Yet,2025-11-05,19:32:53,-08:00,2025-11-05T19:32:53-08:00,2,10
styles.css,27,css,00000000,Not Committed Yet,2025-11-05,19:32:53,-08:00,2025-11-05T19:32:53-08:00,2,13
styles.css,28,css,e96e5a9c,cecilia,2025-10-15,19:06:22,-07:00,2025-10-15T19:06:22-07:00,2,19
styles.css,29,css,e96e5a9c,cecilia,2025-10-15,19:06:22,-07:00,2025-10-15T19:06:22-07:00,1,0
styles.css,30,css,335b70ac,cecilia,2025-10-08,14:11:07,-07:00,2025-10-08T14:11:07-07:00,1,3
styles.css,31,css,e96e5a9c,cecilia,2025-10-15,19:06:22,-07:00,2025-10-15T19:06:22-07:00,2,39
styles.css,32,css,335b70ac,cecilia,2025-10-08,14:11:07,-07:00,2025-10-08T14:11:07-07:00,2,12
styles.css,33,css,335b70ac,cecilia,2025-10-08,14:11:07,-07:00,2025-10-08T14:11:07-07:00,2,12
styles.css,34,css,e96e5a9c,cecilia,2025-10-15,19:06:22,-07:00,2025-10-15T19:06:22-07:00,2,23
styles.css,35,css,335b70ac,cecilia,2025-10-08,14:11:07,-07:00,2025-10-08T14:11:07-07:00,0,0
styles.css,36,css,00000000,Not Committed Yet,2025-11-05,19:32:53,-08:00,2025-11-05T19:32:53-08:00,2,1
styles.css,37,css,00000000,Not Committed Yet,2025-11-05,19:32:53,-08:00,2025-11-05T19:32:53-08:00,2,2
styles.css,38,css,335b70ac,cecilia,2025-10-08,14:11:07,-07:00,2025-10-08T14:11:07-07:00,3,16
styles.css,39,css,335b70ac,cecilia,2025-10-08,14:11:07,-07:00,2025-10-08T14:11:07-07:00,2,0
styles.css,40,css,335b70ac,cecilia,2025-10-08,14:11:07,-07:00,2025-10-08T14:11:07-07:00,0,0
styles.css,41,css,335b70ac,cecilia,2025-10-08,14:11:07,-07:00,2025-10-08T14:11:07-07:00,2,1
styles.css,42,css,335b70ac,cecilia,2025-10-08,14:11:07,-07:00,2025-10-08T14:11:07-07:00,3,6
styles.css,43,css,335b70ac,cecilia,2025-10-08,14:11:07,-07:00,2025-10-08T14:11:07-07:00,3,20
styles.css,44,css,335b70ac,cecilia,2025-10-08,14:11:07,-07:00,2025-10-08T14:11:07-07:00,3,13
styles.css,45,css,335b70ac,cecilia,2025-10-08,14:11:07,-07:00,2025-10-08T14:11:07-07:00,3,17
styles.css,46,css,335b70ac,cecilia,2025-10-08,14:11:07,-07:00,2025-10-08T14:11:07-07:00,3,13
styles.css,47,css,e96e5a9c,cecilia,2025-10-15,19:06:22,-07:00,2025-10-15T19:06:22-07:00,3,37
styles.css,48,css,335b70ac,cecilia,2025-10-08,14:11:07,-07:00,2025-10-08T14:11:07-07:00,0,0
styles.css,49,css,335b70ac,cecilia,2025-10-08,14:11:07,-07:00,2025-10-08T14:11:07-07:00,3,9
styles.css,50,css,e96e5a9c,cecilia,2025-10-15,19:06:22,-07:00,2025-10-15T19:06:22-07:00,4,39
styles.css,51,css,335b70ac,cecilia,2025-10-08,14:11:07,-07:00,2025-10-08T14:11:07-07:00,4,20
styles.css,52,css,335b70ac,cecilia,2025-10-08,14:11:07,-07:00,2025-10-08T14:11:07-07:00,3,0
styles.css,53,css,335b70ac,cecilia,2025-10-08,14:11:07,-07:00,2025-10-08T14:11:07-07:00,0,0
styles.css,54,css,335b70ac,cecilia,2025-10-08,14:11:07,-07:00,2025-10-08T14:11:07-07:00,3,7
styles.css,55,css,335b70ac,cecilia,2025-10-08,14:11:07,-07:00,2025-10-08T14:11:07-07:00,4,39
styles.css,56,css,e96e5a9c,cecilia,2025-10-15,19:06:22,-07:00,2025-10-15T19:06:22-07:00,4,69
styles.css,57,css,e96e5a9c,cecilia,2025-10-15,19:06:22,-07:00,2025-10-15T19:06:22-07:00,4,20
styles.css,58,css,335b70ac,cecilia,2025-10-08,14:11:07,-07:00,2025-10-08T14:11:07-07:00,3,0
styles.css,59,css,335b70ac,cecilia,2025-10-08,14:11:07,-07:00,2025-10-08T14:11:07-07:00,2,0
styles.css,60,css,335b70ac,cecilia,2025-10-08,14:11:07,-07:00,2025-10-08T14:11:07-07:00,1,0
styles.css,61,css,2b156f73,cecilia,2025-10-10,17:32:15,-07:00,2025-10-10T17:32:15-07:00,0,0
styles.css,62,css,8674a2bc,cecilia,2025-10-24,12:48:54,-07:00,2025-10-24T12:48:54-07:00,1,2
styles.css,63,css,8674a2bc,cecilia,2025-10-24,12:48:54,-07:00,2025-10-24T12:48:54-07:00,2,12
styles.css,64,css,8674a2bc,cecilia,2025-10-24,12:48:54,-07:00,2025-10-24T12:48:54-07:00,2,36
styles.css,65,css,8674a2bc,cecilia,2025-10-24,12:48:54,-07:00,2025-10-24T12:48:54-07:00,2,8
styles.css,66,css,8674a2bc,cecilia,2025-10-24,12:48:54,-07:00,2025-10-24T12:48:54-07:00,1,0
styles.css,67,css,8674a2bc,cecilia,2025-10-24,12:48:54,-07:00,2025-10-24T12:48:54-07:00,0,0
styles.css,68,css,8674a2bc,cecilia,2025-10-24,12:48:54,-07:00,2025-10-24T12:48:54-07:00,1,2
styles.css,69,css,8674a2bc,cecilia,2025-10-24,12:48:54,-07:00,2025-10-24T12:48:54-07:00,2,10
styles.css,70,css,8674a2bc,cecilia,2025-10-24,12:48:54,-07:00,2025-10-24T12:48:54-07:00,1,0
styles.css,71,css,8674a2bc,cecilia,2025-10-24,12:48:54,-07:00,2025-10-24T12:48:54-07:00,0,0
styles.css,72,css,8674a2bc,cecilia,2025-10-24,12:48:54,-07:00,2025-10-24T12:48:54-07:00,1,2
styles.css,73,css,8674a2bc,cecilia,2025-10-24,12:48:54,-07:00,2025-10-24T12:48:54-07:00,2,10
styles.css,74,css,8674a2bc,cecilia,2025-10-24,12:48:54,-07:00,2025-10-24T12:48:54-07:00,1,0
styles.css,75,css,8674a2bc,cecilia,2025-10-24,12:48:54,-07:00,2025-10-24T12:48:54-07:00,0,0
styles.css,76,css,2b156f73,cecilia,2025-10-10,17:32:15,-07:00,2025-10-10T17:32:15-07:00,1,4
styles.css,77,css,2b156f73,cecilia,2025-10-10,17:32:15,-07:00,2025-10-10T17:32:15-07:00,2,12
styles.css,78,css,00000000,Not Committed Yet,2025-11-05,19:32:53,-08:00,2025-11-05T19:32:53-08:00,2,30
styles.css,79,css,2b156f73,cecilia,2025-10-10,17:32:15,-07:00,2025-10-10T17:32:15-07:00,2,7
styles.css,80,css,2b156f73,cecilia,2025-10-10,17:32:15,-07:00,2025-10-10T17:32:15-07:00,2,16
styles.css,81,css,2b156f73,cecilia,2025-10-10,17:32:15,-07:00,2025-10-10T17:32:15-07:00,0,0
styles.css,82,css,2b156f73,cecilia,2025-10-10,17:32:15,-07:00,2025-10-10T17:32:15-07:00,2,5
styles.css,83,css,2b156f73,cecilia,2025-10-10,17:32:15,-07:00,2025-10-10T17:32:15-07:00,3,16
styles.css,84,css,2b156f73,cecilia,2025-10-10,17:32:15,-07:00,2025-10-10T17:32:15-07:00,3,18
styles.css,85,css,2b156f73,cecilia,2025-10-10,17:32:15,-07:00,2025-10-10T17:32:15-07:00,2,0
styles.css,86,css,2b156f73,cecilia,2025-10-10,17:32:15,-07:00,2025-10-10T17:32:15-07:00,0,0
styles.css,87,css,e96e5a9c,cecilia,2025-10-15,19:06:22,-07:00,2025-10-15T19:06:22-07:00,2,4
styles.css,88,css,e96e5a9c,cecilia,2025-10-15,19:06:22,-07:00,2025-10-15T19:06:22-07:00,2,8
styles.css,89,css,2b156f73,cecilia,2025-10-10,17:32:15,-07:00,2025-10-10T17:32:15-07:00,3,19
styles.css,90,css,e96e5a9c,cecilia,2025-10-15,19:06:22,-07:00,2025-10-15T19:06:22-07:00,2,0
styles.css,91,css,2b156f73,cecilia,2025-10-10,17:32:15,-07:00,2025-10-10T17:32:15-07:00,0,0
styles.css,92,css,e96e5a9c,cecilia,2025-10-15,19:06:22,-07:00,2025-10-15T19:06:22-07:00,2,6
styles.css,93,css,2b156f73,cecilia,2025-10-10,17:32:15,-07:00,2025-10-10T17:32:15-07:00,3,19
styles.css,94,css,2b156f73,cecilia,2025-10-10,17:32:15,-07:00,2025-10-10T17:32:15-07:00,3,18
styles.css,95,css,e96e5a9c,cecilia,2025-10-15,19:06:22,-07:00,2025-10-15T19:06:22-07:00,2,0
styles.css,96,css,2b156f73,cecilia,2025-10-10,17:32:15,-07:00,2025-10-10T17:32:15-07:00,1,0
styles.css,97,css,2b156f73,cecilia,2025-10-10,17:32:15,-07:00,2025-10-10T17:32:15-07:00,0,0
styles.css,98,css,2b156f73,cecilia,2025-10-10,17:32:15,-07:00,2025-10-10T17:32:15-07:00,1,9
styles.css,99,css,2b156f73,cecilia,2025-10-10,17:32:15,-07:00,2025-10-10T17:32:15-07:00,2,16
styles.css,100,css,2b156f73,cecilia,2025-10-10,17:32:15,-07:00,2025-10-10T17:32:15-07:00,2,12
styles.css,101,css,2b156f73,cecilia,2025-10-10,17:32:15,-07:00,2025-10-10T17:32:15-07:00,2,58
styles.css,102,css,2b156f73,cecilia,2025-10-10,17:32:15,-07:00,2025-10-10T17:32:15-07:00,2,7
styles.css,103,css,2b156f73,cecilia,2025-10-10,17:32:15,-07:00,2025-10-10T17:32:15-07:00,1,0
styles.css,104,css,00000000,Not Committed Yet,2025-11-05,19:32:53,-08:00,2025-11-05T19:32:53-08:00,1,21
styles.css,105,css,8674a2bc,cecilia,2025-10-24,12:48:54,-07:00,2025-10-24T12:48:54-07:00,2,10
styles.css,106,css,00000000,Not Committed Yet,2025-11-05,19:32:53,-08:00,2025-11-05T19:32:53-08:00,2,48
styles.css,107,css,8674a2bc,cecilia,2025-10-24,12:48:54,-07:00,2025-10-24T12:48:54-07:00,2,16
styles.css,108,css,00000000,Not Committed Yet,2025-11-05,19:32:53,-08:00,2025-11-05T19:32:53-08:00,2,13
styles.css,109,css,00000000,Not Committed Yet,2025-11-05,19:32:53,-08:00,2025-11-05T19:32:53-08:00,2,30
styles.css,110,css,8674a2bc,cecilia,2025-10-24,12:48:54,-07:00,2025-10-24T12:48:54-07:00,1,0
styles.css,111,css,8674a2bc,cecilia,2025-10-24,12:48:54,-07:00,2025-10-24T12:48:54-07:00,1,27
styles.css,112,css,00000000,Not Committed Yet,2025-11-05,19:32:53,-08:00,2025-11-05T19:32:53-08:00,2,21
styles.css,113,css,8674a2bc,cecilia,2025-10-24,12:48:54,-07:00,2025-10-24T12:48:54-07:00,1,0
styles.css,114,css,8674a2bc,cecilia,2025-10-24,12:48:54,-07:00,2025-10-24T12:48:54-07:00,0,0
styles.css,115,css,2b156f73,cecilia,2025-10-10,17:32:15,-07:00,2025-10-10T17:32:15-07:00,1,17
styles.css,116,css,8674a2bc,cecilia,2025-10-24,12:48:54,-07:00,2025-10-24T12:48:54-07:00,2,12
styles.css,117,css,8674a2bc,cecilia,2025-10-24,12:48:54,-07:00,2025-10-24T12:48:54-07:00,2,21
styles.css,118,css,8674a2bc,cecilia,2025-10-24,12:48:54,-07:00,2025-10-24T12:48:54-07:00,2,10
styles.css,119,css,2b156f73,cecilia,2025-10-10,17:32:15,-07:00,2025-10-10T17:32:15-07:00,2,26
styles.css,120,css,2b156f73,cecilia,2025-10-10,17:32:15,-07:00,2025-10-10T17:32:15-07:00,2,15
styles.css,121,css,2b156f73,cecilia,2025-10-10,17:32:15,-07:00,2025-10-10T17:32:15-07:00,2,2
styles.css,122,css,00000000,Not Committed Yet,2025-11-05,19:32:53,-08:00,2025-11-05T19:32:53-08:00,3,8
styles.css,123,css,2b156f73,cecilia,2025-10-10,17:32:15,-07:00,2025-10-10T17:32:15-07:00,3,14
styles.css,124,css,2b156f73,cecilia,2025-10-10,17:32:15,-07:00,2025-10-10T17:32:15-07:00,3,15
styles.css,125,css,2b156f73,cecilia,2025-10-10,17:32:15,-07:00,2025-10-10T17:32:15-07:00,3,17
styles.css,126,css,2b156f73,cecilia,2025-10-10,17:32:15,-07:00,2025-10-10T17:32:15-07:00,2,0
styles.css,127,css,2b156f73,cecilia,2025-10-10,17:32:15,-07:00,2025-10-10T17:32:15-07:00,1,0
styles.css,128,css,2b156f73,cecilia,2025-10-10,17:32:15,-07:00,2025-10-10T17:32:15-07:00,0,0
styles.css,129,css,2b156f73,cecilia,2025-10-10,17:32:15,-07:00,2025-10-10T17:32:15-07:00,1,7
styles.css,130,css,2b156f73,cecilia,2025-10-10,17:32:15,-07:00,2025-10-10T17:32:15-07:00,2,16
styles.css,131,css,00000000,Not Committed Yet,2025-11-05,19:32:53,-08:00,2025-11-05T19:32:53-08:00,2,19
styles.css,132,css,2b156f73,cecilia,2025-10-10,17:32:15,-07:00,2025-10-10T17:32:15-07:00,2,2
styles.css,133,css,00000000,Not Committed Yet,2025-11-05,19:32:53,-08:00,2025-11-05T19:32:53-08:00,3,41
styles.css,134,css,2b156f73,cecilia,2025-10-10,17:32:15,-07:00,2025-10-10T17:32:15-07:00,3,20
styles.css,135,css,2b156f73,cecilia,2025-10-10,17:32:15,-07:00,2025-10-10T17:32:15-07:00,3,19
styles.css,136,css,2b156f73,cecilia,2025-10-10,17:32:15,-07:00,2025-10-10T17:32:15-07:00,3,17
styles.css,137,css,00000000,Not Committed Yet,2025-11-05,19:32:53,-08:00,2025-11-05T19:32:53-08:00,3,25
styles.css,138,css,2b156f73,cecilia,2025-10-10,17:32:15,-07:00,2025-10-10T17:32:15-07:00,2,0
styles.css,139,css,2b156f73,cecilia,2025-10-10,17:32:15,-07:00,2025-10-10T17:32:15-07:00,0,0
styles.css,140,css,2b156f73,cecilia,2025-10-10,17:32:15,-07:00,2025-10-10T17:32:15-07:00,2,2
styles.css,141,css,2b156f73,cecilia,2025-10-10,17:32:15,-07:00,2025-10-10T17:32:15-07:00,3,16
styles.css,142,css,2b156f73,cecilia,2025-10-10,17:32:15,-07:00,2025-10-10T17:32:15-07:00,3,19
styles.css,143,css,2b156f73,cecilia,2025-10-10,17:32:15,-07:00,2025-10-10T17:32:15-07:00,3,14
styles.css,144,css,00000000,Not Committed Yet,2025-11-05,19:32:53,-08:00,2025-11-05T19:32:53-08:00,3,25
styles.css,145,css,2b156f73,cecilia,2025-10-10,17:32:15,-07:00,2025-10-10T17:32:15-07:00,2,0
styles.css,146,css,2b156f73,cecilia,2025-10-10,17:32:15,-07:00,2025-10-10T17:32:15-07:00,0,0
styles.css,147,css,2b156f73,cecilia,2025-10-10,17:32:15,-07:00,2025-10-10T17:32:15-07:00,2,1
styles.css,148,css,2b156f73,cecilia,2025-10-10,17:32:15,-07:00,2025-10-10T17:32:15-07:00,3,14
styles.css,149,css,2b156f73,cecilia,2025-10-10,17:32:15,-07:00,2025-10-10T17:32:15-07:00,2,0
styles.css,150,css,2b156f73,cecilia,2025-10-10,17:32:15,-07:00,2025-10-10T17:32:15-07:00,0,0
styles.css,151,css,2b156f73,cecilia,2025-10-10,17:32:15,-07:00,2025-10-10T17:32:15-07:00,2,6
styles.css,152,css,2b156f73,cecilia,2025-10-10,17:32:15,-07:00,2025-10-10T17:32:15-07:00,3,26
styles.css,153,css,2b156f73,cecilia,2025-10-10,17:32:15,-07:00,2025-10-10T17:32:15-07:00,3,20
styles.css,154,css,00000000,Not Committed Yet,2025-11-05,19:32:53,-08:00,2025-11-05T19:32:53-08:00,2,0
styles.css,155,css,2b156f73,cecilia,2025-10-10,17:32:15,-07:00,2025-10-10T17:32:15-07:00,0,0
styles.css,156,css,00000000,Not Committed Yet,2025-11-05,19:32:53,-08:00,2025-11-05T19:32:53-08:00,2,9
styles.css,157,css,2b156f73,cecilia,2025-10-10,17:32:15,-07:00,2025-10-10T17:32:15-07:00,3,18
styles.css,158,css,2b156f73,cecilia,2025-10-10,17:32:15,-07:00,2025-10-10T17:32:15-07:00,3,17
styles.css,159,css,2b156f73,cecilia,2025-10-10,17:32:15,-07:00,2025-10-10T17:32:15-07:00,2,0
styles.css,160,css,2b156f73,cecilia,2025-10-10,17:32:15,-07:00,2025-10-10T17:32:15-07:00,0,0
styles.css,161,css,2b156f73,cecilia,2025-10-10,17:32:15,-07:00,2025-10-10T17:32:15-07:00,2,17
styles.css,162,css,2b156f73,cecilia,2025-10-10,17:32:15,-07:00,2025-10-10T17:32:15-07:00,3,11
styles.css,163,css,2b156f73,cecilia,2025-10-10,17:32:15,-07:00,2025-10-10T17:32:15-07:00,3,17
styles.css,164,css,00000000,Not Committed Yet,2025-11-05,19:32:53,-08:00,2025-11-05T19:32:53-08:00,3,6
styles.css,165,css,2b156f73,cecilia,2025-10-10,17:32:15,-07:00,2025-10-10T17:32:15-07:00,3,13
styles.css,166,css,2b156f73,cecilia,2025-10-10,17:32:15,-07:00,2025-10-10T17:32:15-07:00,3,17
styles.css,167,css,2b156f73,cecilia,2025-10-10,17:32:15,-07:00,2025-10-10T17:32:15-07:00,2,0
styles.css,168,css,2b156f73,cecilia,2025-10-10,17:32:15,-07:00,2025-10-10T17:32:15-07:00,0,0
styles.css,169,css,2b156f73,cecilia,2025-10-10,17:32:15,-07:00,2025-10-10T17:32:15-07:00,2,6
styles.css,170,css,00000000,Not Committed Yet,2025-11-05,19:32:53,-08:00,2025-11-05T19:32:53-08:00,3,35
styles.css,171,css,2b156f73,cecilia,2025-10-10,17:32:15,-07:00,2025-10-10T17:32:15-07:00,2,0
styles.css,172,css,2b156f73,cecilia,2025-10-10,17:32:15,-07:00,2025-10-10T17:32:15-07:00,1,0
styles.css,173,css,f3ffa64c,cecilia,2025-09-29,15:57:59,-07:00,2025-09-29T15:57:59-07:00,0,0
styles.css,174,css,82d88fdb,cecilia,2025-10-26,22:23:53,-07:00,2025-10-26T22:23:53-07:00,0,0
styles.css,175,css,82d88fdb,cecilia,2025-10-26,22:23:53,-07:00,2025-10-26T22:23:53-07:00,0,4
styles.css,176,css,82d88fdb,cecilia,2025-10-26,22:23:53,-07:00,2025-10-26T22:23:53-07:00,1,12
styles.css,177,css,09489263,cecilia,2025-10-31,16:37:41,-07:00,2025-10-31T16:37:41-07:00,1,14
styles.css,178,css,82d88fdb,cecilia,2025-10-26,22:23:53,-07:00,2025-10-26T22:23:53-07:00,1,10
styles.css,179,css,82d88fdb,cecilia,2025-10-26,22:23:53,-07:00,2025-10-26T22:23:53-07:00,1,18
styles.css,180,css,82d88fdb,cecilia,2025-10-26,22:23:53,-07:00,2025-10-26T22:23:53-07:00,0,0
styles.css,181,css,82d88fdb,cecilia,2025-10-26,22:23:53,-07:00,2025-10-26T22:23:53-07:00,0,0
styles.css,182,css,82d88fdb,cecilia,2025-10-26,22:23:53,-07:00,2025-10-26T22:23:53-07:00,0,18
styles.css,183,css,82d88fdb,cecilia,2025-10-26,22:23:53,-07:00,2025-10-26T22:23:53-07:00,1,14
styles.css,184,css,82d88fdb,cecilia,2025-10-26,22:23:53,-07:00,2025-10-26T22:23:53-07:00,1,16
styles.css,185,css,82d88fdb,cecilia,2025-10-26,22:23:53,-07:00,2025-10-26T22:23:53-07:00,1,16
styles.css,186,css,82d88fdb,cecilia,2025-10-26,22:23:53,-07:00,2025-10-26T22:23:53-07:00,1,13
styles.css,187,css,82d88fdb,cecilia,2025-10-26,22:23:53,-07:00,2025-10-26T22:23:53-07:00,0,0
styles.css,188,css,82d88fdb,cecilia,2025-10-26,22:23:53,-07:00,2025-10-26T22:23:53-07:00,0,0
styles.css,189,css,09489263,cecilia,2025-10-31,16:37:41,-07:00,2025-10-31T16:37:41-07:00,0,4
styles.css,190,css,09489263,cecilia,2025-10-31,16:37:41,-07:00,2025-10-31T16:37:41-07:00,1,16
styles.css,191,css,09489263,cecilia,2025-10-31,16:37:41,-07:00,2025-10-31T16:37:41-07:00,0,0
styles.css,192,css,09489263,cecilia,2025-10-31,16:37:41,-07:00,2025-10-31T16:37:41-07:00,0,0
styles.css,193,css,09489263,cecilia,2025-10-31,16:37:41,-07:00,2025-10-31T16:37:41-07:00,0,3
styles.css,194,css,09489263,cecilia,2025-10-31,16:37:41,-07:00,2025-10-31T16:37:41-07:00,1,17
styles.css,195,css,00000000,Not Committed Yet,2025-11-05,19:32:53,-08:00,2025-11-05T19:32:53-08:00,2,16
styles.css,196,css,00000000,Not Committed Yet,2025-11-05,19:32:53,-08:00,2025-11-05T19:32:53-08:00,3,11
styles.css,197,css,09489263,cecilia,2025-10-31,16:37:41,-07:00,2025-10-31T16:37:41-07:00,2,0
styles.css,198,css,09489263,cecilia,2025-10-31,16:37:41,-07:00,2025-10-31T16:37:41-07:00,1,0
styles.css,199,css,09489263,cecilia,2025-10-31,16:37:41,-07:00,2025-10-31T16:37:41-07:00,0,0
styles.css,200,css,09489263,cecilia,2025-10-31,16:37:41,-07:00,2025-10-31T16:37:41-07:00,0,0
styles.css,201,css,00000000,Not Committed Yet,2025-11-05,19:32:53,-08:00,2025-11-05T19:32:53-08:00,0,9
styles.css,202,css,82d88fdb,cecilia,2025-10-26,22:23:53,-07:00,2025-10-26T22:23:53-07:00,1,12
styles.css,203,css,09489263,cecilia,2025-10-31,16:37:41,-07:00,2025-10-31T16:37:41-07:00,1,6
styles.css,204,css,00000000,Not Committed Yet,2025-11-05,19:32:53,-08:00,2025-11-05T19:32:53-08:00,1,57
styles.css,205,css,09489263,cecilia,2025-10-31,16:37:41,-07:00,2025-10-31T16:37:41-07:00,1,21
styles.css,206,css,09489263,cecilia,2025-10-31,16:37:41,-07:00,2025-10-31T16:37:41-07:00,1,13
styles.css,207,css,00000000,Not Committed Yet,2025-11-05,19:32:53,-08:00,2025-11-05T19:32:53-08:00,1,16
styles.css,208,css,82d88fdb,cecilia,2025-10-26,22:23:53,-07:00,2025-10-26T22:23:53-07:00,1,15
styles.css,209,css,09489263,cecilia,2025-10-31,16:37:41,-07:00,2025-10-31T16:37:41-07:00,1,13
styles.css,210,css,09489263,cecilia,2025-10-31,16:37:41,-07:00,2025-10-31T16:37:41-07:00,1,36
styles.css,211,css,82d88fdb,cecilia,2025-10-26,22:23:53,-07:00,2025-10-26T22:23:53-07:00,1,19
styles.css,212,css,82d88fdb,cecilia,2025-10-26,22:23:53,-07:00,2025-10-26T22:23:53-07:00,0,0
styles.css,213,css,82d88fdb,cecilia,2025-10-26,22:23:53,-07:00,2025-10-26T22:23:53-07:00,0,0
styles.css,214,css,82d88fdb,cecilia,2025-10-26,22:23:53,-07:00,2025-10-26T22:23:53-07:00,0,15
styles.css,215,css,82d88fdb,cecilia,2025-10-26,22:23:53,-07:00,2025-10-26T22:23:53-07:00,1,12
styles.css,216,css,09489263,cecilia,2025-10-31,16:37:41,-07:00,2025-10-31T16:37:41-07:00,1,12
styles.css,217,css,09489263,cecilia,2025-10-31,16:37:41,-07:00,2025-10-31T16:37:41-07:00,1,9
styles.css,218,css,82d88fdb,cecilia,2025-10-26,22:23:53,-07:00,2025-10-26T22:23:53-07:00,1,18
styles.css,219,css,09489263,cecilia,2025-10-31,16:37:41,-07:00,2025-10-31T16:37:41-07:00,1,18
styles.css,220,css,82d88fdb,cecilia,2025-10-26,22:23:53,-07:00,2025-10-26T22:23:53-07:00,0,0
styles.css,221,css,82d88fdb,cecilia,2025-10-26,22:23:53,-07:00,2025-10-26T22:23:53-07:00,0,0
styles.css,222,css,82d88fdb,cecilia,2025-10-26,22:23:53,-07:00,2025-10-26T22:23:53-07:00,0,11
styles.css,223,css,82d88fdb,cecilia,2025-10-26,22:23:53,-07:00,2025-10-26T22:23:53-07:00,1,20
styles.css,224,css,82d88fdb,cecilia,2025-10-26,22:23:53,-07:00,2025-10-26T22:23:53-07:00,1,9
styles.css,225,css,82d88fdb,cecilia,2025-10-26,22:23:53,-07:00,2025-10-26T22:23:53-07:00,1,14
styles.css,226,css,82d88fdb,cecilia,2025-10-26,22:23:53,-07:00,2025-10-26T22:23:53-07:00,1,29
styles.css,227,css,82d88fdb,cecilia,2025-10-26,22:23:53,-07:00,2025-10-26T22:23:53-07:00,1,17
styles.css,228,css,09489263,cecilia,2025-10-31,16:37:41,-07:00,2025-10-31T16:37:41-07:00,1,9
styles.css,229,css,09489263,cecilia,2025-10-31,16:37:41,-07:00,2025-10-31T16:37:41-07:00,0,0
styles.css,230,css,09489263,cecilia,2025-10-31,16:37:41,-07:00,2025-10-31T16:37:41-07:00,0,0
styles.css,231,css,09489263,cecilia,2025-10-31,16:37:41,-07:00,2025-10-31T16:37:41-07:00,0,10
styles.css,232,css,09489263,cecilia,2025-10-31,16:37:41,-07:00,2025-10-31T16:37:41-07:00,1,12
styles.css,233,css,09489263,cecilia,2025-10-31,16:37:41,-07:00,2025-10-31T16:37:41-07:00,1,15
styles.css,234,css,09489263,cecilia,2025-10-31,16:37:41,-07:00,2025-10-31T16:37:41-07:00,1,19
styles.css,235,css,09489263,cecilia,2025-10-31,16:37:41,-07:00,2025-10-31T16:37:41-07:00,1,16
styles.css,236,css,09489263,cecilia,2025-10-31,16:37:41,-07:00,2025-10-31T16:37:41-07:00,1,19
styles.css,237,css,09489263,cecilia,2025-10-31,16:37:41,-07:00,2025-10-31T16:37:41-07:00,1,36
styles.css,238,css,09489263,cecilia,2025-10-31,16:37:41,-07:00,2025-10-31T16:37:41-07:00,1,19
styles.css,239,css,09489263,cecilia,2025-10-31,16:37:41,-07:00,2025-10-31T16:37:41-07:00,0,0
styles.css,240,css,09489263,cecilia,2025-10-31,16:37:41,-07:00,2025-10-31T16:37:41-07:00,0,0
styles.css,241,css,09489263,cecilia,2025-10-31,16:37:41,-07:00,2025-10-31T16:37:41-07:00,0,9
styles.css,242,css,09489263,cecilia,2025-10-31,16:37:41,-07:00,2025-10-31T16:37:41-07:00,1,35
styles.css,243,css,09489263,cecilia,2025-10-31,16:37:41,-07:00,2025-10-31T16:37:41-07:00,0,0
styles.css,244,css,09489263,cecilia,2025-10-31,16:37:41,-07:00,2025-10-31T16:37:41-07:00,1,10
styles.css,245,css,09489263,cecilia,2025-10-31,16:37:41,-07:00,2025-10-31T16:37:41-07:00,2,17
styles.css,246,css,09489263,cecilia,2025-10-31,16:37:41,-07:00,2025-10-31T16:37:41-07:00,1,0
styles.css,247,css,82d88fdb,cecilia,2025-10-26,22:23:53,-07:00,2025-10-26T22:23:53-07:00,0,0
styles.css,248,css,82d88fdb,cecilia,2025-10-26,22:23:53,-07:00,2025-10-26T22:23:53-07:00,0,0
styles.css,249,css,09489263,cecilia,2025-10-31,16:37:41,-07:00,2025-10-31T16:37:41-07:00,0,4
styles.css,250,css,09489263,cecilia,2025-10-31,16:37:41,-07:00,2025-10-31T16:37:41-07:00,1,14
styles.css,251,css,00000000,Not Committed Yet,2025-11-05,19:32:53,-08:00,2025-11-05T19:32:53-08:00,0,0
index.js,1,js,00000000,Not Committed Yet,2025-11-05,19:32:53,-08:00,2025-11-05T19:32:53-08:00,0,71
index.js,2,js,8674a2bc,cecilia,2025-10-24,12:48:54,-07:00,2025-10-24T12:48:54-07:00,0,0
index.js,3,js,82d88fdb,cecilia,2025-10-26,22:23:53,-07:00,2025-10-26T22:23:53-07:00,0,37
index.js,4,js,00000000,Not Committed Yet,2025-11-05,19:32:53,-08:00,2025-11-05T19:32:53-08:00,0,54
index.js,5,js,8674a2bc,cecilia,2025-10-24,12:48:54,-07:00,2025-10-24T12:48:54-07:00,0,42
index.js,6,js,8674a2bc,cecilia,2025-10-24,12:48:54,-07:00,2025-10-24T12:48:54-07:00,0,0
index.js,7,js,00000000,Not Committed Yet,2025-11-05,19:32:53,-08:00,2025-11-05T19:32:53-08:00,0,60
index.js,8,js,8674a2bc,cecilia,2025-10-24,12:48:54,-07:00,2025-10-24T12:48:54-07:00,0,0
index.js,9,js,00000000,Not Committed Yet,2025-11-05,19:32:53,-08:00,2025-11-05T19:32:53-08:00,0,54
index.js,10,js,82d88fdb,cecilia,2025-10-26,22:23:53,-07:00,2025-10-26T22:23:53-07:00,0,0
index.js,11,js,82d88fdb,cecilia,2025-10-26,22:23:53,-07:00,2025-10-26T22:23:53-07:00,0,13
index.js,12,js,00000000,Not Committed Yet,2025-11-05,19:32:53,-08:00,2025-11-05T19:32:53-08:00,0,57
index.js,13,js,8674a2bc,cecilia,2025-10-24,12:48:54,-07:00,2025-10-24T12:48:54-07:00,0,0
index.js,14,js,00000000,Not Committed Yet,2025-11-05,19:32:53,-08:00,2025-11-05T19:32:53-08:00,0,60
index.js,15,js,8674a2bc,cecilia,2025-10-24,12:48:54,-07:00,2025-10-24T12:48:54-07:00,0,0
index.js,16,js,8674a2bc,cecilia,2025-10-24,12:48:54,-07:00,2025-10-24T12:48:54-07:00,0,17
index.js,17,js,8674a2bc,cecilia,2025-10-24,12:48:54,-07:00,2025-10-24T12:48:54-07:00,1,24
index.js,18,js,8674a2bc,cecilia,2025-10-24,12:48:54,-07:00,2025-10-24T12:48:54-07:00,4,2
index.js,19,js,8674a2bc,cecilia,2025-10-24,12:48:54,-07:00,2025-10-24T12:48:54-07:00,5,55
index.js,20,js,8674a2bc,cecilia,2025-10-24,12:48:54,-07:00,2025-10-24T12:48:54-07:00,5,55
index.js,21,js,8674a2bc,cecilia,2025-10-24,12:48:54,-07:00,2025-10-24T12:48:54-07:00,5,49
index.js,22,js,8674a2bc,cecilia,2025-10-24,12:48:54,-07:00,2025-10-24T12:48:54-07:00,5,49
index.js,23,js,8674a2bc,cecilia,2025-10-24,12:48:54,-07:00,2025-10-24T12:48:54-07:00,4,3
index.js,24,js,8674a2bc,cecilia,2025-10-24,12:48:54,-07:00,2025-10-24T12:48:54-07:00,2,0
index.js,25,js,8674a2bc,cecilia,2025-10-24,12:48:54,-07:00,2025-10-24T12:48:54-07:00,0,0
index.html,1,html,2306232,cecilia,2025-09-29,11:26:40,-07:00,2025-09-29T11:26:40-07:00,0,13
index.html,2,html,2306232,cecilia,2025-09-29,11:26:40,-07:00,2025-09-29T11:26:40-07:00,0,14
index.html,3,html,2306232,cecilia,2025-09-29,11:26:40,-07:00,2025-09-29T11:26:40-07:00,0,4
index.html,4,html,5c09c771,cecilia-mariea,2025-10-02,20:02:58,-07:00,2025-10-02T20:02:58-07:00,2,39
index.html,5,html,2306232,cecilia,2025-09-29,11:26:40,-07:00,2025-09-29T11:26:40-07:00,2,20
index.html,6,html,2306232,cecilia,2025-09-29,11:26:40,-07:00,2025-09-29T11:26:40-07:00,2,68
index.html,7,html,2306232,cecilia,2025-09-29,11:26:40,-07:00,2025-09-29T11:26:40-07:00,2,60
index.html,8,html,2306232,cecilia,2025-09-29,11:26:40,-07:00,2025-09-29T11:26:40-07:00,0,5
index.html,9,html,2306232,cecilia,2025-09-29,11:26:40,-07:00,2025-09-29T11:26:40-07:00,0,4
index.html,10,html,2b156f73,cecilia,2025-10-10,17:32:15,-07:00,2025-10-10T17:32:15-07:00,2,47
index.html,11,html,f3ffa64c,cecilia,2025-09-29,15:57:59,-07:00,2025-09-29T15:57:59-07:00,2,65
index.html,12,html,2b156f73,cecilia,2025-10-10,17:32:15,-07:00,2025-10-10T17:32:15-07:00,2,247
index.html,13,html,8674a2bc,cecilia,2025-10-24,12:48:54,-07:00,2025-10-24T12:48:54-07:00,0,0
index.html,14,html,8674a2bc,cecilia,2025-10-24,12:48:54,-07:00,2025-10-24T12:48:54-07:00,2,18
index.html,15,html,8674a2bc,cecilia,2025-10-24,12:48:54,-07:00,2025-10-24T12:48:54-07:00,2,19
index.html,16,html,8674a2bc,cecilia,2025-10-24,12:48:54,-07:00,2025-10-24T12:48:54-07:00,2,28
index.html,17,html,8674a2bc,cecilia,2025-10-24,12:48:54,-07:00,2025-10-24T12:48:54-07:00,0,0
index.html,18,html,8674a2bc,cecilia,2025-10-24,12:48:54,-07:00,2025-10-24T12:48:54-07:00,2,29
index.html,19,html,8674a2bc,cecilia,2025-10-24,12:48:54,-07:00,2025-10-24T12:48:54-07:00,2,22
index.html,20,html,8674a2bc,cecilia,2025-10-24,12:48:54,-07:00,2025-10-24T12:48:54-07:00,2,26
index.html,21,html,8674a2bc,cecilia,2025-10-24,12:48:54,-07:00,2025-10-24T12:48:54-07:00,0,0
index.html,22,html,e96e5a9c,cecilia,2025-10-15,19:06:22,-07:00,2025-10-15T19:06:22-07:00,2,45
index.html,23,html,8674a2bc,cecilia,2025-10-24,12:48:54,-07:00,2025-10-24T12:48:54-07:00,2,50
index.html,24,html,2306232,cecilia,2025-09-29,11:26:40,-07:00,2025-09-29T11:26:40-07:00,0,5
index.html,25,html,2306232,cecilia,2025-09-29,11:26:40,-07:00,2025-09-29T11:26:40-07:00,0,5
global.js,1,js,00000000,Not Committed Yet,2025-11-05,19:32:53,-08:00,2025-11-05T19:32:53-08:00,0,25
global.js,2,js,e96e5a9c,cecilia,2025-10-15,19:06:22,-07:00,2025-10-15T19:06:22-07:00,0,0
global.js,3,js,e96e5a9c,cecilia,2025-10-15,19:06:22,-07:00,2025-10-15T19:06:22-07:00,0,41
global.js,4,js,e96e5a9c,cecilia,2025-10-15,19:06:22,-07:00,2025-10-15T19:06:22-07:00,1,52
global.js,5,js,e96e5a9c,cecilia,2025-10-15,19:06:22,-07:00,2025-10-15T19:06:22-07:00,0,0
global.js,6,js,e96e5a9c,cecilia,2025-10-15,19:06:22,-07:00,2025-10-15T19:06:22-07:00,0,0
global.js,7,js,e96e5a9c,cecilia,2025-10-15,19:06:22,-07:00,2025-10-15T19:06:22-07:00,0,8
global.js,8,js,e96e5a9c,cecilia,2025-10-15,19:06:22,-07:00,2025-10-15T19:06:22-07:00,0,11
global.js,9,js,00000000,Not Committed Yet,2025-11-05,19:32:53,-08:00,2025-11-05T19:32:53-08:00,1,25
global.js,10,js,00000000,Not Committed Yet,2025-11-05,19:32:53,-08:00,2025-11-05T19:32:53-08:00,1,38
global.js,11,js,00000000,Not Committed Yet,2025-11-05,19:32:53,-08:00,2025-11-05T19:32:53-08:00,1,26
global.js,12,js,00000000,Not Committed Yet,2025-11-05,19:32:53,-08:00,2025-11-05T19:32:53-08:00,1,68
global.js,13,js,00000000,Not Committed Yet,2025-11-05,19:32:53,-08:00,2025-11-05T19:32:53-08:00,1,35
global.js,14,js,00000000,Not Committed Yet,2025-11-05,19:32:53,-08:00,2025-11-05T19:32:53-08:00,1,36
global.js,15,js,e96e5a9c,cecilia,2025-10-15,19:06:22,-07:00,2025-10-15T19:06:22-07:00,0,0
global.js,16,js,e96e5a9c,cecilia,2025-10-15,19:06:22,-07:00,2025-10-15T19:06:22-07:00,0,0
global.js,17,js,00000000,Not Committed Yet,2025-11-05,19:32:53,-08:00,2025-11-05T19:32:53-08:00,0,38
global.js,18,js,e96e5a9c,cecilia,2025-10-15,19:06:22,-07:00,2025-10-15T19:06:22-07:00,0,25
global.js,19,js,e96e5a9c,cecilia,2025-10-15,19:06:22,-07:00,2025-10-15T19:06:22-07:00,0,0
global.js,20,js,82d88fdb,cecilia,2025-10-26,22:23:53,-07:00,2025-10-26T22:23:53-07:00,0,71
global.js,21,js,00000000,Not Committed Yet,2025-11-05,19:32:53,-08:00,2025-11-05T19:32:53-08:00,0,15
global.js,22,js,00000000,Not Committed Yet,2025-11-05,19:32:53,-08:00,2025-11-05T19:32:53-08:00,1,68
global.js,23,js,00000000,Not Committed Yet,2025-11-05,19:32:53,-08:00,2025-11-05T19:32:53-08:00,2,19
global.js,24,js,00000000,Not Committed Yet,2025-11-05,19:32:53,-08:00,2025-11-05T19:32:53-08:00,2,40
global.js,25,js,e96e5a9c,cecilia,2025-10-15,19:06:22,-07:00,2025-10-15T19:06:22-07:00,0,0
global.js,26,js,82d88fdb,cecilia,2025-10-26,22:23:53,-07:00,2025-10-26T22:23:53-07:00,0,41
global.js,27,js,00000000,Not Committed Yet,2025-11-05,19:32:53,-08:00,2025-11-05T19:32:53-08:00,1,54
global.js,28,js,82d88fdb,cecilia,2025-10-26,22:23:53,-07:00,2025-10-26T22:23:53-07:00,0,0
global.js,29,js,82d88fdb,cecilia,2025-10-26,22:23:53,-07:00,2025-10-26T22:23:53-07:00,0,0
global.js,30,js,e96e5a9c,cecilia,2025-10-15,19:06:22,-07:00,2025-10-15T19:06:22-07:00,0,20
global.js,31,js,00000000,Not Committed Yet,2025-11-05,19:32:53,-08:00,2025-11-05T19:32:53-08:00,1,14
global.js,32,js,00000000,Not Committed Yet,2025-11-05,19:32:53,-08:00,2025-11-05T19:32:53-08:00,1,18
global.js,33,js,00000000,Not Committed Yet,2025-11-05,19:32:53,-08:00,2025-11-05T19:32:53-08:00,1,52
global.js,34,js,00000000,Not Committed Yet,2025-11-05,19:32:53,-08:00,2025-11-05T19:32:53-08:00,1,34
global.js,35,js,00000000,Not Committed Yet,2025-11-05,19:32:53,-08:00,2025-11-05T19:32:53-08:00,1,11
global.js,36,js,00000000,Not Committed Yet,2025-11-05,19:32:53,-08:00,2025-11-05T19:32:53-08:00,1,20
global.js,37,js,00000000,Not Committed Yet,2025-11-05,19:32:53,-08:00,2025-11-05T19:32:53-08:00,1,12
global.js,38,js,00000000,Not Committed Yet,2025-11-05,19:32:53,-08:00,2025-11-05T19:32:53-08:00,1,65
global.js,39,js,00000000,Not Committed Yet,2025-11-05,19:32:53,-08:00,2025-11-05T19:32:53-08:00,2,25
global.js,40,js,00000000,Not Committed Yet,2025-11-05,19:32:53,-08:00,2025-11-05T19:32:53-08:00,1,0
global.js,41,js,00000000,Not Committed Yet,2025-11-05,19:32:53,-08:00,2025-11-05T19:32:53-08:00,1,28
global.js,42,js,00000000,Not Committed Yet,2025-11-05,19:32:53,-08:00,2025-11-05T19:32:53-08:00,2,18
global.js,43,js,00000000,Not Committed Yet,2025-11-05,19:32:53,-08:00,2025-11-05T19:32:53-08:00,1,0
global.js,44,js,e96e5a9c,cecilia,2025-10-15,19:06:22,-07:00,2025-10-15T19:06:22-07:00,0,0
global.js,45,js,e96e5a9c,cecilia,2025-10-15,19:06:22,-07:00,2025-10-15T19:06:22-07:00,0,0
global.js,46,js,e96e5a9c,cecilia,2025-10-15,19:06:22,-07:00,2025-10-15T19:06:22-07:00,0,20
global.js,47,js,e96e5a9c,cecilia,2025-10-15,19:06:22,-07:00,2025-10-15T19:06:22-07:00,0,0
global.js,48,js,e96e5a9c,cecilia,2025-10-15,19:06:22,-07:00,2025-10-15T19:06:22-07:00,0,31
global.js,49,js,00000000,Not Committed Yet,2025-11-05,19:32:53,-08:00,2025-11-05T19:32:53-08:00,1,11
global.js,50,js,e96e5a9c,cecilia,2025-10-15,19:06:22,-07:00,2025-10-15T19:06:22-07:00,1,0
global.js,51,js,e96e5a9c,cecilia,2025-10-15,19:06:22,-07:00,2025-10-15T19:06:22-07:00,0,26
global.js,52,js,e96e5a9c,cecilia,2025-10-15,19:06:22,-07:00,2025-10-15T19:06:22-07:00,0,4
global.js,53,js,e96e5a9c,cecilia,2025-10-15,19:06:22,-07:00,2025-10-15T19:06:22-07:00,0,6
global.js,54,js,e96e5a9c,cecilia,2025-10-15,19:06:22,-07:00,2025-10-15T19:06:22-07:00,6,34
global.js,55,js,e96e5a9c,cecilia,2025-10-15,19:06:22,-07:00,2025-10-15T19:06:22-07:00,6,32
global.js,56,js,e96e5a9c,cecilia,2025-10-15,19:06:22,-07:00,2025-10-15T19:06:22-07:00,6,49
global.js,57,js,e96e5a9c,cecilia,2025-10-15,19:06:22,-07:00,2025-10-15T19:06:22-07:00,0,7
global.js,58,js,00000000,Not Committed Yet,2025-11-05,19:32:53,-08:00,2025-11-05T19:32:53-08:00,0,7
global.js,59,js,e96e5a9c,cecilia,2025-10-15,19:06:22,-07:00,2025-10-15T19:06:22-07:00,0,0
global.js,60,js,e96e5a9c,cecilia,2025-10-15,19:06:22,-07:00,2025-10-15T19:06:22-07:00,0,0
global.js,61,js,e96e5a9c,cecilia,2025-10-15,19:06:22,-07:00,2025-10-15T19:06:22-07:00,0,44
global.js,62,js,e96e5a9c,cecilia,2025-10-15,19:06:22,-07:00,2025-10-15T19:06:22-07:00,0,0
global.js,63,js,00000000,Not Committed Yet,2025-11-05,19:32:53,-08:00,2025-11-05T19:32:53-08:00,0,49
global.js,64,js,00000000,Not Committed Yet,2025-11-05,19:32:53,-08:00,2025-11-05T19:32:53-08:00,1,57
global.js,65,js,00000000,Not Committed Yet,2025-11-05,19:32:53,-08:00,2025-11-05T19:32:53-08:00,1,41
global.js,66,js,00000000,Not Committed Yet,2025-11-05,19:32:53,-08:00,2025-11-05T19:32:53-08:00,2,13
global.js,67,js,00000000,Not Committed Yet,2025-11-05,19:32:53,-08:00,2025-11-05T19:32:53-08:00,2,16
global.js,68,js,00000000,Not Committed Yet,2025-11-05,19:32:53,-08:00,2025-11-05T19:32:53-08:00,1,0
global.js,69,js,00000000,Not Committed Yet,2025-11-05,19:32:53,-08:00,2025-11-05T19:32:53-08:00,1,44
global.js,70,js,e96e5a9c,cecilia,2025-10-15,19:06:22,-07:00,2025-10-15T19:06:22-07:00,0,1
global.js,71,js,e96e5a9c,cecilia,2025-10-15,19:06:22,-07:00,2025-10-15T19:06:22-07:00,0,0
global.js,72,js,e96e5a9c,cecilia,2025-10-15,19:06:22,-07:00,2025-10-15T19:06:22-07:00,0,34
global.js,73,js,00000000,Not Committed Yet,2025-11-05,19:32:53,-08:00,2025-11-05T19:32:53-08:00,1,41
global.js,74,js,00000000,Not Committed Yet,2025-11-05,19:32:53,-08:00,2025-11-05T19:32:53-08:00,2,13
global.js,75,js,00000000,Not Committed Yet,2025-11-05,19:32:53,-08:00,2025-11-05T19:32:53-08:00,2,22
global.js,76,js,00000000,Not Committed Yet,2025-11-05,19:32:53,-08:00,2025-11-05T19:32:53-08:00,1,0
global.js,77,js,e96e5a9c,cecilia,2025-10-15,19:06:22,-07:00,2025-10-15T19:06:22-07:00,0,0
global.js,78,js,8674a2bc,cecilia,2025-10-24,12:48:54,-07:00,2025-10-24T12:48:54-07:00,0,0
global.js,79,js,8674a2bc,cecilia,2025-10-24,12:48:54,-07:00,2025-10-24T12:48:54-07:00,0,14
global.js,80,js,8674a2bc,cecilia,2025-10-24,12:48:54,-07:00,2025-10-24T12:48:54-07:00,0,36
global.js,81,js,8674a2bc,cecilia,2025-10-24,12:48:54,-07:00,2025-10-24T12:48:54-07:00,1,3
global.js,82,js,8674a2bc,cecilia,2025-10-24,12:48:54,-07:00,2025-10-24T12:48:54-07:00,2,39
global.js,83,js,8674a2bc,cecilia,2025-10-24,12:48:54,-07:00,2025-10-24T12:48:54-07:00,2,32
global.js,84,js,8674a2bc,cecilia,2025-10-24,12:48:54,-07:00,2025-10-24T12:48:54-07:00,2,17
global.js,85,js,00000000,Not Committed Yet,2025-11-05,19:32:53,-08:00,2025-11-05T19:32:53-08:00,3,66
global.js,86,js,8674a2bc,cecilia,2025-10-24,12:48:54,-07:00,2025-10-24T12:48:54-07:00,2,0
global.js,87,js,8674a2bc,cecilia,2025-10-24,12:48:54,-07:00,2025-10-24T12:48:54-07:00,2,33
global.js,88,js,8674a2bc,cecilia,2025-10-24,12:48:54,-07:00,2025-10-24T12:48:54-07:00,2,16
global.js,89,js,8674a2bc,cecilia,2025-10-24,12:48:54,-07:00,2025-10-24T12:48:54-07:00,2,10
global.js,90,js,8674a2bc,cecilia,2025-10-24,12:48:54,-07:00,2025-10-24T12:48:54-07:00,1,15
global.js,91,js,00000000,Not Committed Yet,2025-11-05,19:32:53,-08:00,2025-11-05T19:32:53-08:00,2,59
global.js,92,js,8674a2bc,cecilia,2025-10-24,12:48:54,-07:00,2025-10-24T12:48:54-07:00,1,0
global.js,93,js,8674a2bc,cecilia,2025-10-24,12:48:54,-07:00,2025-10-24T12:48:54-07:00,0,0
global.js,94,js,8674a2bc,cecilia,2025-10-24,12:48:54,-07:00,2025-10-24T12:48:54-07:00,0,0
global.js,95,js,00000000,Not Committed Yet,2025-11-05,19:32:53,-08:00,2025-11-05T19:32:53-08:00,0,78
global.js,96,js,8674a2bc,cecilia,2025-10-24,12:48:54,-07:00,2025-10-24T12:48:54-07:00,1,29
global.js,97,js,00000000,Not Committed Yet,2025-11-05,19:32:53,-08:00,2025-11-05T19:32:53-08:00,2,48
global.js,98,js,8674a2bc,cecilia,2025-10-24,12:48:54,-07:00,2025-10-24T12:48:54-07:00,1,0
global.js,99,js,64a0cf8a,cecilia,2025-10-24,13:38:00,-07:00,2025-10-24T13:38:00-07:00,0,0
global.js,100,js,00000000,Not Committed Yet,2025-11-05,19:32:53,-08:00,2025-11-05T19:32:53-08:00,1,30
global.js,101,js,64a0cf8a,cecilia,2025-10-24,13:38:00,-07:00,2025-10-24T13:38:00-07:00,0,0
global.js,102,js,8674a2bc,cecilia,2025-10-24,12:48:54,-07:00,2025-10-24T12:48:54-07:00,1,22
global.js,103,js,64a0cf8a,cecilia,2025-10-24,13:38:00,-07:00,2025-10-24T13:38:00-07:00,2,50
global.js,104,js,00000000,Not Committed Yet,2025-11-05,19:32:53,-08:00,2025-11-05T19:32:53-08:00,2,48
global.js,105,js,8674a2bc,cecilia,2025-10-24,12:48:54,-07:00,2025-10-24T12:48:54-07:00,0,0
global.js,106,js,64a0cf8a,cecilia,2025-10-24,13:38:00,-07:00,2025-10-24T13:38:00-07:00,2,6
global.js,107,js,00000000,Not Committed Yet,2025-11-05,19:32:53,-08:00,2025-11-05T19:32:53-08:00,2,58
global.js,108,js,8674a2bc,cecilia,2025-10-24,12:48:54,-07:00,2025-10-24T12:48:54-07:00,2,35
global.js,109,js,8674a2bc,cecilia,2025-10-24,12:48:54,-07:00,2025-10-24T12:48:54-07:00,2,34
global.js,110,js,64a0cf8a,cecilia,2025-10-24,13:38:00,-07:00,2025-10-24T13:38:00-07:00,0,0
global.js,111,js,64a0cf8a,cecilia,2025-10-24,13:38:00,-07:00,2025-10-24T13:38:00-07:00,2,6
global.js,112,js,00000000,Not Committed Yet,2025-11-05,19:32:53,-08:00,2025-11-05T19:32:53-08:00,2,40
global.js,113,js,00000000,Not Committed Yet,2025-11-05,19:32:53,-08:00,2025-11-05T19:32:53-08:00,2,68
global.js,114,js,64a0cf8a,cecilia,2025-10-24,13:38:00,-07:00,2025-10-24T13:38:00-07:00,2,16
global.js,115,js,64a0cf8a,cecilia,2025-10-24,13:38:00,-07:00,2025-10-24T13:38:00-07:00,2,23
global.js,116,js,82d88fdb,cecilia,2025-10-26,22:23:53,-07:00,2025-10-26T22:23:53-07:00,0,0
global.js,117,js,82d88fdb,cecilia,2025-10-26,22:23:53,-07:00,2025-10-26T22:23:53-07:00,2,5
global.js,118,js,00000000,Not Committed Yet,2025-11-05,19:32:53,-08:00,2025-11-05T19:32:53-08:00,2,43
global.js,119,js,00000000,Not Committed Yet,2025-11-05,19:32:53,-08:00,2025-11-05T19:32:53-08:00,2,48
global.js,120,js,00000000,Not Committed Yet,2025-11-05,19:32:53,-08:00,2025-11-05T19:32:53-08:00,2,30
global.js,121,js,00000000,Not Committed Yet,2025-11-05,19:32:53,-08:00,2025-11-05T19:32:53-08:00,2,24
global.js,122,js,82d88fdb,cecilia,2025-10-26,22:23:53,-07:00,2025-10-26T22:23:53-07:00,0,0
global.js,123,js,00000000,Not Committed Yet,2025-11-05,19:32:53,-08:00,2025-11-05T19:32:53-08:00,2,12
global.js,124,js,00000000,Not Committed Yet,2025-11-05,19:32:53,-08:00,2025-11-05T19:32:53-08:00,2,39
global.js,125,js,64a0cf8a,cecilia,2025-10-24,13:38:00,-07:00,2025-10-24T13:38:00-07:00,2,31
global.js,126,js,64a0cf8a,cecilia,2025-10-24,13:38:00,-07:00,2025-10-24T13:38:00-07:00,2,24
global.js,127,js,64a0cf8a,cecilia,2025-10-24,13:38:00,-07:00,2025-10-24T13:38:00-07:00,0,0
global.js,128,js,8674a2bc,cecilia,2025-10-24,12:48:54,-07:00,2025-10-24T12:48:54-07:00,2,36
global.js,129,js,8674a2bc,cecilia,2025-10-24,12:48:54,-07:00,2025-10-24T12:48:54-07:00,1,0
global.js,130,js,8674a2bc,cecilia,2025-10-24,12:48:54,-07:00,2025-10-24T12:48:54-07:00,0,0
global.js,131,js,8674a2bc,cecilia,2025-10-24,12:48:54,-07:00,2025-10-24T12:48:54-07:00,0,0
global.js,132,js,00000000,Not Committed Yet,2025-11-05,19:32:53,-08:00,2025-11-05T19:32:53-08:00,0,28
global.js,133,js,00000000,Not Committed Yet,2025-11-05,19:32:53,-08:00,2025-11-05T19:32:53-08:00,1,16
global.js,134,js,00000000,Not Committed Yet,2025-11-05,19:32:53,-08:00,2025-11-05T19:32:53-08:00,1,27
global.js,135,js,00000000,Not Committed Yet,2025-11-05,19:32:53,-08:00,2025-11-05T19:32:53-08:00,1,17
global.js,136,js,00000000,Not Committed Yet,2025-11-05,19:32:53,-08:00,2025-11-05T19:32:53-08:00,0,1
global.js,137,js,00000000,Not Committed Yet,2025-11-05,19:32:53,-08:00,2025-11-05T19:32:53-08:00,1,53
global.js,138,js,8674a2bc,cecilia,2025-10-24,12:48:54,-07:00,2025-10-24T12:48:54-07:00,1,72
global.js,139,js,8674a2bc,cecilia,2025-10-24,12:48:54,-07:00,2025-10-24T12:48:54-07:00,1,58
global.js,140,js,8674a2bc,cecilia,2025-10-24,12:48:54,-07:00,2025-10-24T12:48:54-07:00,1,47
global.js,141,js,00000000,Not Committed Yet,2025-11-05,19:32:53,-08:00,2025-11-05T19:32:53-08:00,1,44
global.js,142,js,00000000,Not Committed Yet,2025-11-05,19:32:53,-08:00,2025-11-05T19:32:53-08:00,1,55
global.js,143,js,8674a2bc,cecilia,2025-10-24,12:48:54,-07:00,2025-10-24T12:48:54-07:00,1,40
global.js,144,js,8674a2bc,cecilia,2025-10-24,12:48:54,-07:00,2025-10-24T12:48:54-07:00,0,0
global.js,145,js,8674a2bc,cecilia,2025-10-24,12:48:54,-07:00,2025-10-24T12:48:54-07:00,0,0
global.js,146,js,8674a2bc,cecilia,2025-10-24,12:48:54,-07:00,2025-10-24T12:48:54-07:00,0,47
global.js,147,js,00000000,Not Committed Yet,2025-11-05,19:32:53,-08:00,2025-11-05T19:32:53-08:00,1,59
global.js,148,js,8674a2bc,cecilia,2025-10-24,12:48:54,-07:00,2025-10-24T12:48:54-07:00,0,0
projects/projects.js,1,js,00000000,Not Committed Yet,2025-11-05,19:32:53,-08:00,2025-11-05T19:32:53-08:00,0,70
projects/projects.js,2,js,00000000,Not Committed Yet,2025-11-05,19:32:53,-08:00,2025-11-05T19:32:53-08:00,0,63
projects/projects.js,3,js,82d88fdb,cecilia,2025-10-26,22:23:53,-07:00,2025-10-26T22:23:53-07:00,0,0
projects/projects.js,4,js,00000000,Not Committed Yet,2025-11-05,19:32:53,-08:00,2025-11-05T19:32:53-08:00,0,55
projects/projects.js,5,js,00000000,Not Committed Yet,2025-11-05,19:32:53,-08:00,2025-11-05T19:32:53-08:00,0,60
projects/projects.js,6,js,00000000,Not Committed Yet,2025-11-05,19:32:53,-08:00,2025-11-05T19:32:53-08:00,0,48
projects/projects.js,7,js,00000000,Not Committed Yet,2025-11-05,19:32:53,-08:00,2025-11-05T19:32:53-08:00,0,31
projects/projects.js,8,js,82d88fdb,cecilia,2025-10-26,22:23:53,-07:00,2025-10-26T22:23:53-07:00,0,0
projects/projects.js,9,js,82d88fdb,cecilia,2025-10-26,22:23:53,-07:00,2025-10-26T22:23:53-07:00,0,43
projects/projects.js,10,js,09489263,cecilia,2025-10-31,16:37:41,-07:00,2025-10-31T16:37:41-07:00,0,0
projects/projects.js,11,js,82d88fdb,cecilia,2025-10-26,22:23:53,-07:00,2025-10-26T22:23:53-07:00,0,57
projects/projects.js,12,js,09489263,cecilia,2025-10-31,16:37:41,-07:00,2025-10-31T16:37:41-07:00,0,47
projects/projects.js,13,js,82d88fdb,cecilia,2025-10-26,22:23:53,-07:00,2025-10-26T22:23:53-07:00,0,0
projects/projects.js,14,js,00000000,Not Committed Yet,2025-11-05,19:32:53,-08:00,2025-11-05T19:32:53-08:00,0,25
projects/projects.js,15,js,00000000,Not Committed Yet,2025-11-05,19:32:53,-08:00,2025-11-05T19:32:53-08:00,0,32
projects/projects.js,16,js,82d88fdb,cecilia,2025-10-26,22:23:53,-07:00,2025-10-26T22:23:53-07:00,0,0
projects/projects.js,17,js,09489263,cecilia,2025-10-31,16:37:41,-07:00,2025-10-31T16:37:41-07:00,0,38
projects/projects.js,18,js,09489263,cecilia,2025-10-31,16:37:41,-07:00,2025-10-31T16:37:41-07:00,1,36
projects/projects.js,19,js,00000000,Not Committed Yet,2025-11-05,19:32:53,-08:00,2025-11-05T19:32:53-08:00,1,26
projects/projects.js,20,js,00000000,Not Committed Yet,2025-11-05,19:32:53,-08:00,2025-11-05T19:32:53-08:00,1,29
projects/projects.js,21,js,09489263,cecilia,2025-10-31,16:37:41,-07:00,2025-10-31T16:37:41-07:00,0,0
projects/projects.js,22,js,00000000,Not Committed Yet,2025-11-05,19:32:53,-08:00,2025-11-05T19:32:53-08:00,1,14
projects/projects.js,23,js,09489263,cecilia,2025-10-31,16:37:41,-07:00,2025-10-31T16:37:41-07:00,1,26
projects/projects.js,24,js,09489263,cecilia,2025-10-31,16:37:41,-07:00,2025-10-31T16:37:41-07:00,2,12
projects/projects.js,25,js,09489263,cecilia,2025-10-31,16:37:41,-07:00,2025-10-31T16:37:41-07:00,2,14
projects/projects.js,26,js,00000000,Not Committed Yet,2025-11-05,19:32:53,-08:00,2025-11-05T19:32:53-08:00,2,11
projects/projects.js,27,js,09489263,cecilia,2025-10-31,16:37:41,-07:00,2025-10-31T16:37:41-07:00,1,0
projects/projects.js,28,js,09489263,cecilia,2025-10-31,16:37:41,-07:00,2025-10-31T16:37:41-07:00,0,0
projects/projects.js,29,js,09489263,cecilia,2025-10-31,16:37:41,-07:00,2025-10-31T16:37:41-07:00,1,44
projects/projects.js,30,js,09489263,cecilia,2025-10-31,16:37:41,-07:00,2025-10-31T16:37:41-07:00,2,35
projects/projects.js,31,js,09489263,cecilia,2025-10-31,16:37:41,-07:00,2025-10-31T16:37:41-07:00,1,1
projects/projects.js,32,js,09489263,cecilia,2025-10-31,16:37:41,-07:00,2025-10-31T16:37:41-07:00,0,0
projects/projects.js,33,js,09489263,cecilia,2025-10-31,16:37:41,-07:00,2025-10-31T16:37:41-07:00,1,50
projects/projects.js,34,js,09489263,cecilia,2025-10-31,16:37:41,-07:00,2025-10-31T16:37:41-07:00,1,33
projects/projects.js,35,js,09489263,cecilia,2025-10-31,16:37:41,-07:00,2025-10-31T16:37:41-07:00,1,45
projects/projects.js,36,js,09489263,cecilia,2025-10-31,16:37:41,-07:00,2025-10-31T16:37:41-07:00,0,0
projects/projects.js,37,js,09489263,cecilia,2025-10-31,16:37:41,-07:00,2025-10-31T16:37:41-07:00,1,21
projects/projects.js,38,js,09489263,cecilia,2025-10-31,16:37:41,-07:00,2025-10-31T16:37:41-07:00,0,0
projects/projects.js,39,js,09489263,cecilia,2025-10-31,16:37:41,-07:00,2025-10-31T16:37:41-07:00,1,25
projects/projects.js,40,js,09489263,cecilia,2025-10-31,16:37:41,-07:00,2025-10-31T16:37:41-07:00,1,26
projects/projects.js,41,js,00000000,Not Committed Yet,2025-11-05,19:32:53,-08:00,2025-11-05T19:32:53-08:00,2,1
projects/projects.js,42,js,00000000,Not Committed Yet,2025-11-05,19:32:53,-08:00,2025-11-05T19:32:53-08:00,3,13
projects/projects.js,43,js,00000000,Not Committed Yet,2025-11-05,19:32:53,-08:00,2025-11-05T19:32:53-08:00,3,13
projects/projects.js,44,js,00000000,Not Committed Yet,2025-11-05,19:32:53,-08:00,2025-11-05T19:32:53-08:00,3,24
projects/projects.js,45,js,00000000,Not Committed Yet,2025-11-05,19:32:53,-08:00,2025-11-05T19:32:53-08:00,3,18
projects/projects.js,46,js,00000000,Not Committed Yet,2025-11-05,19:32:53,-08:00,2025-11-05T19:32:53-08:00,4,47
projects/projects.js,47,js,09489263,cecilia,2025-10-31,16:37:41,-07:00,2025-10-31T16:37:41-07:00,0,0
projects/projects.js,48,js,09489263,cecilia,2025-10-31,16:37:41,-07:00,2025-10-31T16:37:41-07:00,4,1
projects/projects.js,49,js,00000000,Not Committed Yet,2025-11-05,19:32:53,-08:00,2025-11-05T19:32:53-08:00,5,16
projects/projects.js,50,js,00000000,Not Committed Yet,2025-11-05,19:32:53,-08:00,2025-11-05T19:32:53-08:00,5,22
projects/projects.js,51,js,00000000,Not Committed Yet,2025-11-05,19:32:53,-08:00,2025-11-05T19:32:53-08:00,6,47
projects/projects.js,52,js,00000000,Not Committed Yet,2025-11-05,19:32:53,-08:00,2025-11-05T19:32:53-08:00,5,0
projects/projects.js,53,js,09489263,cecilia,2025-10-31,16:37:41,-07:00,2025-10-31T16:37:41-07:00,0,0
projects/projects.js,54,js,09489263,cecilia,2025-10-31,16:37:41,-07:00,2025-10-31T16:37:41-07:00,4,4
projects/projects.js,55,js,00000000,Not Committed Yet,2025-11-05,19:32:53,-08:00,2025-11-05T19:32:53-08:00,5,14
projects/projects.js,56,js,00000000,Not Committed Yet,2025-11-05,19:32:53,-08:00,2025-11-05T19:32:53-08:00,5,22
projects/projects.js,57,js,00000000,Not Committed Yet,2025-11-05,19:32:53,-08:00,2025-11-05T19:32:53-08:00,6,47
projects/projects.js,58,js,00000000,Not Committed Yet,2025-11-05,19:32:53,-08:00,2025-11-05T19:32:53-08:00,5,0
projects/projects.js,59,js,00000000,Not Committed Yet,2025-11-05,19:32:53,-08:00,2025-11-05T19:32:53-08:00,0,0
projects/projects.js,60,js,00000000,Not Committed Yet,2025-11-05,19:32:53,-08:00,2025-11-05T19:32:53-08:00,4,25
projects/projects.js,61,js,00000000,Not Committed Yet,2025-11-05,19:32:53,-08:00,2025-11-05T19:32:53-08:00,5,42
projects/projects.js,62,js,00000000,Not Committed Yet,2025-11-05,19:32:53,-08:00,2025-11-05T19:32:53-08:00,4,6
projects/projects.js,63,js,00000000,Not Committed Yet,2025-11-05,19:32:53,-08:00,2025-11-05T19:32:53-08:00,5,51
projects/projects.js,64,js,00000000,Not Committed Yet,2025-11-05,19:32:53,-08:00,2025-11-05T19:32:53-08:00,5,61
projects/projects.js,65,js,00000000,Not Committed Yet,2025-11-05,19:32:53,-08:00,2025-11-05T19:32:53-08:00,5,42
projects/projects.js,66,js,00000000,Not Committed Yet,2025-11-05,19:32:53,-08:00,2025-11-05T19:32:53-08:00,4,0
projects/projects.js,67,js,09489263,cecilia,2025-10-31,16:37:41,-07:00,2025-10-31T16:37:41-07:00,3,1
projects/projects.js,68,js,09489263,cecilia,2025-10-31,16:37:41,-07:00,2025-10-31T16:37:41-07:00,1,1
projects/projects.js,69,js,09489263,cecilia,2025-10-31,16:37:41,-07:00,2025-10-31T16:37:41-07:00,0,0
projects/projects.js,70,js,09489263,cecilia,2025-10-31,16:37:41,-07:00,2025-10-31T16:37:41-07:00,1,17
projects/projects.js,71,js,09489263,cecilia,2025-10-31,16:37:41,-07:00,2025-10-31T16:37:41-07:00,1,24
projects/projects.js,72,js,09489263,cecilia,2025-10-31,16:37:41,-07:00,2025-10-31T16:37:41-07:00,2,4
projects/projects.js,73,js,00000000,Not Committed Yet,2025-11-05,19:32:53,-08:00,2025-11-05T19:32:53-08:00,3,11
projects/projects.js,74,js,00000000,Not Committed Yet,2025-11-05,19:32:53,-08:00,2025-11-05T19:32:53-08:00,3,93
projects/projects.js,75,js,00000000,Not Committed Yet,2025-11-05,19:32:53,-08:00,2025-11-05T19:32:53-08:00,3,28
projects/projects.js,76,js,09489263,cecilia,2025-10-31,16:37:41,-07:00,2025-10-31T16:37:41-07:00,3,99
projects/projects.js,77,js,09489263,cecilia,2025-10-31,16:37:41,-07:00,2025-10-31T16:37:41-07:00,1,1
projects/projects.js,78,js,09489263,cecilia,2025-10-31,16:37:41,-07:00,2025-10-31T16:37:41-07:00,0,0
projects/projects.js,79,js,09489263,cecilia,2025-10-31,16:37:41,-07:00,2025-10-31T16:37:41-07:00,0,0
projects/projects.js,80,js,09489263,cecilia,2025-10-31,16:37:41,-07:00,2025-10-31T16:37:41-07:00,0,6
projects/projects.js,81,js,00000000,Not Committed Yet,2025-11-05,19:32:53,-08:00,2025-11-05T19:32:53-08:00,0,13
projects/projects.js,82,js,00000000,Not Committed Yet,2025-11-05,19:32:53,-08:00,2025-11-05T19:32:53-08:00,0,53
projects/projects.js,83,js,00000000,Not Committed Yet,2025-11-05,19:32:53,-08:00,2025-11-05T19:32:53-08:00,0,48
projects/projects.js,84,js,09489263,cecilia,2025-10-31,16:37:41,-07:00,2025-10-31T16:37:41-07:00,1,25
projects/projects.js,85,js,09489263,cecilia,2025-10-31,16:37:41,-07:00,2025-10-31T16:37:41-07:00,0,0
projects/projects.js,86,js,09489263,cecilia,2025-10-31,16:37:41,-07:00,2025-10-31T16:37:41-07:00,1,51
projects/projects.js,87,js,00000000,Not Committed Yet,2025-11-05,19:32:53,-08:00,2025-11-05T19:32:53-08:00,2,59
projects/projects.js,88,js,09489263,cecilia,2025-10-31,16:37:41,-07:00,2025-10-31T16:37:41-07:00,2,42
projects/projects.js,89,js,00000000,Not Committed Yet,2025-11-05,19:32:53,-08:00,2025-11-05T19:32:53-08:00,1,1
projects/projects.js,90,js,09489263,cecilia,2025-10-31,16:37:41,-07:00,2025-10-31T16:37:41-07:00,0,0
projects/projects.js,91,js,09489263,cecilia,2025-10-31,16:37:41,-07:00,2025-10-31T16:37:41-07:00,1,50
projects/projects.js,92,js,09489263,cecilia,2025-10-31,16:37:41,-07:00,2025-10-31T16:37:41-07:00,1,31
projects/projects.js,93,js,82d88fdb,cecilia,2025-10-26,22:23:53,-07:00,2025-10-26T22:23:53-07:00,0,1
projects/projects.js,94,js,82d88fdb,cecilia,2025-10-26,22:23:53,-07:00,2025-10-26T22:23:53-07:00,0,0
projects/projects.js,95,js,09489263,cecilia,2025-10-31,16:37:41,-07:00,2025-10-31T16:37:41-07:00,0,26
projects/projects.js,96,js,09489263,cecilia,2025-10-31,16:37:41,-07:00,2025-10-31T16:37:41-07:00,0,23
projects/index.html,1,html,5c09c771,cecilia-mariea,2025-10-02,20:02:58,-07:00,2025-10-02T20:02:58-07:00,0,13
projects/index.html,2,html,5c09c771,cecilia-mariea,2025-10-02,20:02:58,-07:00,2025-10-02T20:02:58-07:00,0,14
projects/index.html,3,html,00000000,Not Committed Yet,2025-11-05,19:32:53,-08:00,2025-11-05T19:32:53-08:00,1,4
projects/index.html,4,html,00000000,Not Committed Yet,2025-11-05,19:32:53,-08:00,2025-11-05T19:32:53-08:00,2,44
projects/index.html,5,html,00000000,Not Committed Yet,2025-11-05,19:32:53,-08:00,2025-11-05T19:32:53-08:00,2,22
projects/index.html,6,html,00000000,Not Committed Yet,2025-11-05,19:32:53,-08:00,2025-11-05T19:32:53-08:00,2,70
projects/index.html,7,html,5c09c771,cecilia-mariea,2025-10-02,20:02:58,-07:00,2025-10-02T20:02:58-07:00,2,21
projects/index.html,8,html,00000000,Not Committed Yet,2025-11-05,19:32:53,-08:00,2025-11-05T19:32:53-08:00,1,5
projects/index.html,9,html,00000000,Not Committed Yet,2025-11-05,19:32:53,-08:00,2025-11-05T19:32:53-08:00,1,4
projects/index.html,10,html,00000000,Not Committed Yet,2025-11-05,19:32:53,-08:00,2025-11-05T19:32:53-08:00,2,15
projects/index.html,11,html,00000000,Not Committed Yet,2025-11-05,19:32:53,-08:00,2025-11-05T19:32:53-08:00,3,47
projects/index.html,12,html,82d88fdb,cecilia,2025-10-26,22:23:53,-07:00,2025-10-26T22:23:53-07:00,0,0
projects/index.html,13,html,00000000,Not Committed Yet,2025-11-05,19:32:53,-08:00,2025-11-05T19:32:53-08:00,3,58
projects/index.html,14,html,00000000,Not Committed Yet,2025-11-05,19:32:53,-08:00,2025-11-05T19:32:53-08:00,3,22
projects/index.html,15,html,00000000,Not Committed Yet,2025-11-05,19:32:53,-08:00,2025-11-05T19:32:53-08:00,3,4
projects/index.html,16,html,00000000,Not Committed Yet,2025-11-05,19:32:53,-08:00,2025-11-05T19:32:53-08:00,4,15
projects/index.html,17,html,00000000,Not Committed Yet,2025-11-05,19:32:53,-08:00,2025-11-05T19:32:53-08:00,4,11
projects/index.html,18,html,00000000,Not Committed Yet,2025-11-05,19:32:53,-08:00,2025-11-05T19:32:53-08:00,4,26
projects/index.html,19,html,00000000,Not Committed Yet,2025-11-05,19:32:53,-08:00,2025-11-05T19:32:53-08:00,4,32
projects/index.html,20,html,00000000,Not Committed Yet,2025-11-05,19:32:53,-08:00,2025-11-05T19:32:53-08:00,3,0
projects/index.html,21,html,82d88fdb,cecilia,2025-10-26,22:23:53,-07:00,2025-10-26T22:23:53-07:00,2,4
projects/index.html,22,html,82d88fdb,cecilia,2025-10-26,22:23:53,-07:00,2025-10-26T22:23:53-07:00,0,0
projects/index.html,23,html,82d88fdb,cecilia,2025-10-26,22:23:53,-07:00,2025-10-26T22:23:53-07:00,2,24
projects/index.html,24,html,00000000,Not Committed Yet,2025-11-05,19:32:53,-08:00,2025-11-05T19:32:53-08:00,2,26
projects/index.html,25,html,82d88fdb,cecilia,2025-10-26,22:23:53,-07:00,2025-10-26T22:23:53-07:00,0,0
projects/index.html,26,html,82d88fdb,cecilia,2025-10-26,22:23:53,-07:00,2025-10-26T22:23:53-07:00,2,22
projects/index.html,27,html,82d88fdb,cecilia,2025-10-26,22:23:53,-07:00,2025-10-26T22:23:53-07:00,2,47
projects/index.html,28,html,82d88fdb,cecilia,2025-10-26,22:23:53,-07:00,2025-10-26T22:23:53-07:00,2,48
projects/index.html,29,html,00000000,Not Committed Yet,2025-11-05,19:32:53,-08:00,2025-11-05T19:32:53-08:00,1,5
projects/index.html,30,html,00000000,Not Committed Yet,2025-11-05,19:32:53,-08:00,2025-11-05T19:32:53-08:00,0,5
cv/index.html,1,html,5c09c771,cecilia-mariea,2025-10-02,20:02:58,-07:00,2025-10-02T20:02:58-07:00,0,13
cv/index.html,2,html,5c09c771,cecilia-mariea,2025-10-02,20:02:58,-07:00,2025-10-02T20:02:58-07:00,0,14
cv/index.html,3,html,5c09c771,cecilia-mariea,2025-10-02,20:02:58,-07:00,2025-10-02T20:02:58-07:00,0,4
cv/index.html,4,html,5c09c771,cecilia-mariea,2025-10-02,20:02:58,-07:00,2025-10-02T20:02:58-07:00,2,42
cv/index.html,5,html,5c09c771,cecilia-mariea,2025-10-02,20:02:58,-07:00,2025-10-02T20:02:58-07:00,2,20
cv/index.html,6,html,5c09c771,cecilia-mariea,2025-10-02,20:02:58,-07:00,2025-10-02T20:02:58-07:00,2,68
cv/index.html,7,html,5c09c771,cecilia-mariea,2025-10-02,20:02:58,-07:00,2025-10-02T20:02:58-07:00,2,31
cv/index.html,8,html,5c09c771,cecilia-mariea,2025-10-02,20:02:58,-07:00,2025-10-02T20:02:58-07:00,0,5
cv/index.html,9,html,5c09c771,cecilia-mariea,2025-10-02,20:02:58,-07:00,2025-10-02T20:02:58-07:00,0,4
cv/index.html,10,html,5c09c771,cecilia-mariea,2025-10-02,20:02:58,-07:00,2025-10-02T20:02:58-07:00,2,6
cv/index.html,11,html,5c09c771,cecilia-mariea,2025-10-02,20:02:58,-07:00,2025-10-02T20:02:58-07:00,4,25
cv/index.html,12,html,5c09c771,cecilia-mariea,2025-10-02,20:02:58,-07:00,2025-10-02T20:02:58-07:00,2,7
cv/index.html,13,html,5c09c771,cecilia-mariea,2025-10-02,20:02:58,-07:00,2025-10-02T20:02:58-07:00,2,20
cv/index.html,14,html,5c09c771,cecilia-mariea,2025-10-02,20:02:58,-07:00,2025-10-02T20:02:58-07:00,4,34
cv/index.html,15,html,5c09c771,cecilia-mariea,2025-10-02,20:02:58,-07:00,2025-10-02T20:02:58-07:00,4,309
cv/index.html,16,html,5c09c771,cecilia-mariea,2025-10-02,20:02:58,-07:00,2025-10-02T20:02:58-07:00,2,8
cv/index.html,17,html,5c09c771,cecilia-mariea,2025-10-02,20:02:58,-07:00,2025-10-02T20:02:58-07:00,0,0
cv/index.html,18,html,5c09c771,cecilia-mariea,2025-10-02,20:02:58,-07:00,2025-10-02T20:02:58-07:00,2,22
cv/index.html,19,html,5c09c771,cecilia-mariea,2025-10-02,20:02:58,-07:00,2025-10-02T20:02:58-07:00,4,16
cv/index.html,20,html,5c09c771,cecilia-mariea,2025-10-02,20:02:58,-07:00,2025-10-02T20:02:58-07:00,4,1
cv/index.html,21,html,5c09c771,cecilia-mariea,2025-10-02,20:02:58,-07:00,2025-10-02T20:02:58-07:00,4,104
cv/index.html,22,html,5c09c771,cecilia-mariea,2025-10-02,20:02:58,-07:00,2025-10-02T20:02:58-07:00,4,56
cv/index.html,23,html,5c09c771,cecilia-mariea,2025-10-02,20:02:58,-07:00,2025-10-02T20:02:58-07:00,4,2
cv/index.html,24,html,5c09c771,cecilia-mariea,2025-10-02,20:02:58,-07:00,2025-10-02T20:02:58-07:00,4,1
cv/index.html,25,html,5c09c771,cecilia-mariea,2025-10-02,20:02:58,-07:00,2025-10-02T20:02:58-07:00,6,206
cv/index.html,26,html,5c09c771,cecilia-mariea,2025-10-02,20:02:58,-07:00,2025-10-02T20:02:58-07:00,4,2
cv/index.html,27,html,5c09c771,cecilia-mariea,2025-10-02,20:02:58,-07:00,2025-10-02T20:02:58-07:00,2,8
cv/index.html,28,html,5c09c771,cecilia-mariea,2025-10-02,20:02:58,-07:00,2025-10-02T20:02:58-07:00,0,0
cv/index.html,29,html,5c09c771,cecilia-mariea,2025-10-02,20:02:58,-07:00,2025-10-02T20:02:58-07:00,2,23
cv/index.html,30,html,5c09c771,cecilia-mariea,2025-10-02,20:02:58,-07:00,2025-10-02T20:02:58-07:00,4,17
cv/index.html,31,html,5c09c771,cecilia-mariea,2025-10-02,20:02:58,-07:00,2025-10-02T20:02:58-07:00,4,3
cv/index.html,32,html,5c09c771,cecilia-mariea,2025-10-02,20:02:58,-07:00,2025-10-02T20:02:58-07:00,6,1
cv/index.html,33,html,5c09c771,cecilia-mariea,2025-10-02,20:02:58,-07:00,2025-10-02T20:02:58-07:00,8,229
cv/index.html,34,html,5c09c771,cecilia-mariea,2025-10-02,20:02:58,-07:00,2025-10-02T20:02:58-07:00,6,2
cv/index.html,35,html,5c09c771,cecilia-mariea,2025-10-02,20:02:58,-07:00,2025-10-02T20:02:58-07:00,6,1
cv/index.html,36,html,5c09c771,cecilia-mariea,2025-10-02,20:02:58,-07:00,2025-10-02T20:02:58-07:00,8,48
cv/index.html,37,html,5c09c771,cecilia-mariea,2025-10-02,20:02:58,-07:00,2025-10-02T20:02:58-07:00,6,2
cv/index.html,38,html,2b156f73,cecilia,2025-10-10,17:32:15,-07:00,2025-10-10T17:32:15-07:00,6,14
cv/index.html,39,html,5c09c771,cecilia-mariea,2025-10-02,20:02:58,-07:00,2025-10-02T20:02:58-07:00,10,143
cv/index.html,40,html,5c09c771,cecilia-mariea,2025-10-02,20:02:58,-07:00,2025-10-02T20:02:58-07:00,10,153
cv/index.html,41,html,5c09c771,cecilia-mariea,2025-10-02,20:02:58,-07:00,2025-10-02T20:02:58-07:00,10,2
cv/index.html,42,html,5c09c771,cecilia-mariea,2025-10-02,20:02:58,-07:00,2025-10-02T20:02:58-07:00,10,180
cv/index.html,43,html,5c09c771,cecilia-mariea,2025-10-02,20:02:58,-07:00,2025-10-02T20:02:58-07:00,10,3
cv/index.html,44,html,5c09c771,cecilia-mariea,2025-10-02,20:02:58,-07:00,2025-10-02T20:02:58-07:00,6,3
cv/index.html,45,html,5c09c771,cecilia-mariea,2025-10-02,20:02:58,-07:00,2025-10-02T20:02:58-07:00,4,4
cv/index.html,46,html,5c09c771,cecilia-mariea,2025-10-02,20:02:58,-07:00,2025-10-02T20:02:58-07:00,4,3
cv/index.html,47,html,5c09c771,cecilia-mariea,2025-10-02,20:02:58,-07:00,2025-10-02T20:02:58-07:00,6,1
cv/index.html,48,html,5c09c771,cecilia-mariea,2025-10-02,20:02:58,-07:00,2025-10-02T20:02:58-07:00,8,188
cv/index.html,49,html,5c09c771,cecilia-mariea,2025-10-02,20:02:58,-07:00,2025-10-02T20:02:58-07:00,6,2
cv/index.html,50,html,5c09c771,cecilia-mariea,2025-10-02,20:02:58,-07:00,2025-10-02T20:02:58-07:00,6,55
cv/index.html,51,html,2b156f73,cecilia,2025-10-10,17:32:15,-07:00,2025-10-10T17:32:15-07:00,6,14
cv/index.html,52,html,5c09c771,cecilia-mariea,2025-10-02,20:02:58,-07:00,2025-10-02T20:02:58-07:00,8,100
cv/index.html,53,html,5c09c771,cecilia-mariea,2025-10-02,20:02:58,-07:00,2025-10-02T20:02:58-07:00,8,86
cv/index.html,54,html,5c09c771,cecilia-mariea,2025-10-02,20:02:58,-07:00,2025-10-02T20:02:58-07:00,8,78
cv/index.html,55,html,5c09c771,cecilia-mariea,2025-10-02,20:02:58,-07:00,2025-10-02T20:02:58-07:00,8,70
cv/index.html,56,html,5c09c771,cecilia-mariea,2025-10-02,20:02:58,-07:00,2025-10-02T20:02:58-07:00,8,81
cv/index.html,57,html,5c09c771,cecilia-mariea,2025-10-02,20:02:58,-07:00,2025-10-02T20:02:58-07:00,6,3
cv/index.html,58,html,5c09c771,cecilia-mariea,2025-10-02,20:02:58,-07:00,2025-10-02T20:02:58-07:00,4,4
cv/index.html,59,html,5c09c771,cecilia-mariea,2025-10-02,20:02:58,-07:00,2025-10-02T20:02:58-07:00,0,0
cv/index.html,60,html,5c09c771,cecilia-mariea,2025-10-02,20:02:58,-07:00,2025-10-02T20:02:58-07:00,4,3
cv/index.html,61,html,5c09c771,cecilia-mariea,2025-10-02,20:02:58,-07:00,2025-10-02T20:02:58-07:00,6,1
cv/index.html,62,html,5c09c771,cecilia-mariea,2025-10-02,20:02:58,-07:00,2025-10-02T20:02:58-07:00,8,124
cv/index.html,63,html,5c09c771,cecilia-mariea,2025-10-02,20:02:58,-07:00,2025-10-02T20:02:58-07:00,6,2
cv/index.html,64,html,2b156f73,cecilia,2025-10-10,17:32:15,-07:00,2025-10-10T17:32:15-07:00,6,14
cv/index.html,65,html,5c09c771,cecilia-mariea,2025-10-02,20:02:58,-07:00,2025-10-02T20:02:58-07:00,8,115
cv/index.html,66,html,5c09c771,cecilia-mariea,2025-10-02,20:02:58,-07:00,2025-10-02T20:02:58-07:00,8,78
cv/index.html,67,html,5c09c771,cecilia-mariea,2025-10-02,20:02:58,-07:00,2025-10-02T20:02:58-07:00,8,79
cv/index.html,68,html,5c09c771,cecilia-mariea,2025-10-02,20:02:58,-07:00,2025-10-02T20:02:58-07:00,6,3
cv/index.html,69,html,5c09c771,cecilia-mariea,2025-10-02,20:02:58,-07:00,2025-10-02T20:02:58-07:00,4,4
cv/index.html,70,html,5c09c771,cecilia-mariea,2025-10-02,20:02:58,-07:00,2025-10-02T20:02:58-07:00,2,8
cv/index.html,71,html,5c09c771,cecilia-mariea,2025-10-02,20:02:58,-07:00,2025-10-02T20:02:58-07:00,0,0
cv/index.html,72,html,5c09c771,cecilia-mariea,2025-10-02,20:02:58,-07:00,2025-10-02T20:02:58-07:00,2,19
cv/index.html,73,html,5c09c771,cecilia-mariea,2025-10-02,20:02:58,-07:00,2025-10-02T20:02:58-07:00,4,13
cv/index.html,74,html,5c09c771,cecilia-mariea,2025-10-02,20:02:58,-07:00,2025-10-02T20:02:58-07:00,4,24
cv/index.html,75,html,2b156f73,cecilia,2025-10-10,17:32:15,-07:00,2025-10-10T17:32:15-07:00,6,14
cv/index.html,76,html,5c09c771,cecilia-mariea,2025-10-02,20:02:58,-07:00,2025-10-02T20:02:58-07:00,8,30
cv/index.html,77,html,5c09c771,cecilia-mariea,2025-10-02,20:02:58,-07:00,2025-10-02T20:02:58-07:00,8,47
cv/index.html,78,html,5c09c771,cecilia-mariea,2025-10-02,20:02:58,-07:00,2025-10-02T20:02:58-07:00,8,35
cv/index.html,79,html,5c09c771,cecilia-mariea,2025-10-02,20:02:58,-07:00,2025-10-02T20:02:58-07:00,8,105
cv/index.html,80,html,5c09c771,cecilia-mariea,2025-10-02,20:02:58,-07:00,2025-10-02T20:02:58-07:00,8,73
cv/index.html,81,html,5c09c771,cecilia-mariea,2025-10-02,20:02:58,-07:00,2025-10-02T20:02:58-07:00,8,96
cv/index.html,82,html,5c09c771,cecilia-mariea,2025-10-02,20:02:58,-07:00,2025-10-02T20:02:58-07:00,8,41
cv/index.html,83,html,5c09c771,cecilia-mariea,2025-10-02,20:02:58,-07:00,2025-10-02T20:02:58-07:00,8,37
cv/index.html,84,html,5c09c771,cecilia-mariea,2025-10-02,20:02:58,-07:00,2025-10-02T20:02:58-07:00,6,3
cv/index.html,85,html,5c09c771,cecilia-mariea,2025-10-02,20:02:58,-07:00,2025-10-02T20:02:58-07:00,4,19
cv/index.html,86,html,2b156f73,cecilia,2025-10-10,17:32:15,-07:00,2025-10-10T17:32:15-07:00,6,14
cv/index.html,87,html,5c09c771,cecilia-mariea,2025-10-02,20:02:58,-07:00,2025-10-02T20:02:58-07:00,8,19
cv/index.html,88,html,5c09c771,cecilia-mariea,2025-10-02,20:02:58,-07:00,2025-10-02T20:02:58-07:00,8,32
cv/index.html,89,html,5c09c771,cecilia-mariea,2025-10-02,20:02:58,-07:00,2025-10-02T20:02:58-07:00,8,71
cv/index.html,90,html,5c09c771,cecilia-mariea,2025-10-02,20:02:58,-07:00,2025-10-02T20:02:58-07:00,6,3
cv/index.html,91,html,5c09c771,cecilia-mariea,2025-10-02,20:02:58,-07:00,2025-10-02T20:02:58-07:00,2,8
cv/index.html,92,html,5c09c771,cecilia-mariea,2025-10-02,20:02:58,-07:00,2025-10-02T20:02:58-07:00,0,0
cv/index.html,93,html,5c09c771,cecilia-mariea,2025-10-02,20:02:58,-07:00,2025-10-02T20:02:58-07:00,2,7
cv/index.html,94,html,2b156f73,cecilia,2025-10-10,17:32:15,-07:00,2025-10-10T17:32:15-07:00,4,17
cv/index.html,95,html,5c09c771,cecilia-mariea,2025-10-02,20:02:58,-07:00,2025-10-02T20:02:58-07:00,4,151
cv/index.html,96,html,2b156f73,cecilia,2025-10-10,17:32:15,-07:00,2025-10-10T17:32:15-07:00,4,14
cv/index.html,97,html,5c09c771,cecilia-mariea,2025-10-02,20:02:58,-07:00,2025-10-02T20:02:58-07:00,6,99
cv/index.html,98,html,5c09c771,cecilia-mariea,2025-10-02,20:02:58,-07:00,2025-10-02T20:02:58-07:00,6,98
cv/index.html,99,html,5c09c771,cecilia-mariea,2025-10-02,20:02:58,-07:00,2025-10-02T20:02:58-07:00,6,76
cv/index.html,100,html,5c09c771,cecilia-mariea,2025-10-02,20:02:58,-07:00,2025-10-02T20:02:58-07:00,6,99
cv/index.html,101,html,5c09c771,cecilia-mariea,2025-10-02,20:02:58,-07:00,2025-10-02T20:02:58-07:00,4,3
cv/index.html,102,html,5c09c771,cecilia-mariea,2025-10-02,20:02:58,-07:00,2025-10-02T20:02:58-07:00,2,8
cv/index.html,103,html,e96e5a9c,cecilia,2025-10-15,19:06:22,-07:00,2025-10-15T19:06:22-07:00,2,48
cv/index.html,104,html,5c09c771,cecilia-mariea,2025-10-02,20:02:58,-07:00,2025-10-02T20:02:58-07:00,0,5
cv/index.html,105,html,5c09c771,cecilia-mariea,2025-10-02,20:02:58,-07:00,2025-10-02T20:02:58-07:00,0,5
contact/index.html,1,html,5c09c771,cecilia-mariea,2025-10-02,20:02:58,-07:00,2025-10-02T20:02:58-07:00,0,13
contact/index.html,2,html,5c09c771,cecilia-mariea,2025-10-02,20:02:58,-07:00,2025-10-02T20:02:58-07:00,0,14
contact/index.html,3,html,00000000,Not Committed Yet,2025-11-05,19:32:54,-08:00,2025-11-05T19:32:54-08:00,1,4
contact/index.html,4,html,00000000,Not Committed Yet,2025-11-05,19:32:54,-08:00,2025-11-05T19:32:54-08:00,2,44
contact/index.html,5,html,e96e5a9c,cecilia,2025-10-15,19:06:22,-07:00,2025-10-15T19:06:22-07:00,2,48
contact/index.html,6,html,00000000,Not Committed Yet,2025-11-05,19:32:54,-08:00,2025-11-05T19:32:54-08:00,2,22
contact/index.html,7,html,00000000,Not Committed Yet,2025-11-05,19:32:54,-08:00,2025-11-05T19:32:54-08:00,2,70
contact/index.html,8,html,5c09c771,cecilia-mariea,2025-10-02,20:02:58,-07:00,2025-10-02T20:02:58-07:00,2,20
contact/index.html,9,html,00000000,Not Committed Yet,2025-11-05,19:32:54,-08:00,2025-11-05T19:32:54-08:00,1,5
contact/index.html,10,html,00000000,Not Committed Yet,2025-11-05,19:32:54,-08:00,2025-11-05T19:32:54-08:00,1,4
contact/index.html,11,html,00000000,Not Committed Yet,2025-11-05,19:32:54,-08:00,2025-11-05T19:32:54-08:00,2,6
contact/index.html,12,html,00000000,Not Committed Yet,2025-11-05,19:32:54,-08:00,2025-11-05T19:32:54-08:00,3,14
contact/index.html,13,html,00000000,Not Committed Yet,2025-11-05,19:32:54,-08:00,2025-11-05T19:32:54-08:00,2,7
contact/index.html,14,html,e96e5a9c,cecilia,2025-10-15,19:06:22,-07:00,2025-10-15T19:06:22-07:00,2,48
contact/index.html,15,html,00000000,Not Committed Yet,2025-11-05,19:32:54,-08:00,2025-11-05T19:32:54-08:00,3,68
contact/index.html,16,html,00000000,Not Committed Yet,2025-11-05,19:32:54,-08:00,2025-11-05T19:32:54-08:00,3,61
contact/index.html,17,html,00000000,Not Committed Yet,2025-11-05,19:32:54,-08:00,2025-11-05T19:32:54-08:00,3,66
contact/index.html,18,html,00000000,Not Committed Yet,2025-11-05,19:32:54,-08:00,2025-11-05T19:32:54-08:00,3,21
contact/index.html,19,html,5c09c771,cecilia-mariea,2025-10-02,20:02:58,-07:00,2025-10-02T20:02:58-07:00,2,5
contact/index.html,20,html,e96e5a9c,cecilia,2025-10-15,19:06:22,-07:00,2025-10-15T19:06:22-07:00,2,48
contact/index.html,21,html,00000000,Not Committed Yet,2025-11-05,19:32:54,-08:00,2025-11-05T19:32:54-08:00,1,5
contact/index.html,22,html,00000000,Not Committed Yet,2025-11-05,19:32:54,-08:00,2025-11-05T19:32:54-08:00,0,5
